id,stateSiteId,contribId,description,roadwayDesc,roadwayMilepost,roadwayOffset,roadwayHeight,county,state,country,accessDirections,obstructions,landscape,stateSystemID
30001,RiverdaleRd,3,Riverdal Road,,0,0,0,,UT,USA,,,,
120016,274016,12,SR 1 @ Murderkill River,,0,0,0,,DE,USA,,,,
120017,274017,12,SR 1 @ Trap Shooters Rd,,0,0,0,,DE,USA,,,,

The following contributors are not found in the contrib table?
460001,2100.110791,46,IH0035_near_US0183,,0,0,0,227,TX,USA,,,,
460002,36750.11041,46,IH0035_near_RM1431,,0,0,0,246,TX,USA,,,,

contribId:
3 -> 3
12 -> 12
46 -> 46 

11041 ->
110791 ->


Interim Instance missing 118, Blatnik Bridge
