ALTER SEQUENCE meta.platform_id_seq RESTART WITH 6201;
INSERT INTO meta.platform (staticid,updatetime,platformcode,category,description,type,contribid,siteid,locbaselat,locbaselong,locbaseelev,maintcontactid) VALUES (6747,'2013-05-01 00:00:00','caldwell_east','P','Caldwell East','0',16,5801,43.671520,-116.678640,739.000000,13);
INSERT INTO meta.platform (staticid,updatetime,platformcode,category,description,type,contribid,siteid,locbaselat,locbaselong,locbaseelev,maintcontactid) VALUES (6748,'2013-05-01 00:00:00','flying_wye_east_in','P','Flying Wye East In','0',16,5802,43.598170,-116.289690,835.000000,13);
INSERT INTO meta.platform (staticid,updatetime,platformcode,category,description,type,contribid,siteid,locbaselat,locbaselong,locbaseelev,maintcontactid) VALUES (6749,'2013-05-01 00:00:00','flying_wye_east_out','P','Flying Wye East Out','0',16,5803,43.598170,-116.289690,835.000000,13);
INSERT INTO meta.platform (staticid,updatetime,platformcode,category,description,type,contribid,siteid,locbaselat,locbaselong,locbaseelev,maintcontactid) VALUES (6750,'2013-05-01 00:00:00','id_fort_hall_d5','P','Fort Hall','0',16,5804,43.025400,-112.408450,1369.000000,13);
INSERT INTO meta.platform (staticid,updatetime,platformcode,category,description,type,contribid,siteid,locbaselat,locbaselong,locbaseelev,maintcontactid) VALUES (6751,'2013-05-01 00:00:00','eisenman_interchange','P','Issacs Canyon','0',16,5805,43.507790,-116.142430,961.000000,13);
INSERT INTO meta.platform (staticid,updatetime,platformcode,category,description,type,contribid,siteid,locbaselat,locbaselong,locbaseelev,maintcontactid) VALUES (6752,'2013-05-01 00:00:00','id_jerome_butte','P','Jerome Butte','0',16,5806,42.732110,-114.440600,1253.000000,13);
INSERT INTO meta.platform (staticid,updatetime,platformcode,category,description,type,contribid,siteid,locbaselat,locbaselong,locbaseelev,maintcontactid) VALUES (6753,'2013-05-01 00:00:00','Lake_Creek','P','Lake Creek','0',16,5807,47.487524,-116.988940,678.000000,13);
INSERT INTO meta.platform (staticid,updatetime,platformcode,category,description,type,contribid,siteid,locbaselat,locbaselong,locbaseelev,maintcontactid) VALUES (6754,'2013-05-01 00:00:00','McCammon_Bridge','P','McCammon Interchange','0',16,5808,42.657300,-112.211110,1438.000000,13);
INSERT INTO meta.platform (staticid,updatetime,platformcode,category,description,type,contribid,siteid,locbaselat,locbaselong,locbaseelev,maintcontactid) VALUES (6755,'2013-05-01 00:00:00','id_topaz','P','Topaz','0',16,5809,42.618320,-112.090870,1517.000000,13);
INSERT INTO meta.platform (staticid,updatetime,platformcode,category,description,type,contribid,siteid,locbaselat,locbaselong,locbaseelev,maintcontactid) VALUES (6756,'2013-05-01 00:00:00','id_tuttle','P','Tuttle','0',16,5810,42.830000,-114.817580,1031.000000,13);
INSERT INTO meta.platform (staticid,updatetime,platformcode,category,description,type,contribid,siteid,locbaselat,locbaselong,locbaseelev,maintcontactid) VALUES (6757,'2013-05-01 00:00:00','id_valley_rd','P','Valley Interchange','0',16,5811,42.574730,-114.148330,1268.000000,13);
INSERT INTO meta.platform (staticid,updatetime,platformcode,category,description,type,contribid,siteid,locbaselat,locbaselong,locbaseelev,maintcontactid) VALUES (6758,'2013-05-01 00:00:00','512-64','P','Esterville','0',19,5812,43.399300,-94.797300,391.000000,68);
