<?xml version="1.0" encoding="UTF-8" ?>
<!DOCTYPE configuration
PUBLIC "-//mybatis.org//DTD Config 3.0//EN"
"http://mybatis.org/dtd/mybatis-3-config.dtd">
<configuration>
	<typeAliases>
		<typeAlias alias="User" type="wde.data.User" />
		<typeAlias alias="Country" type="wde.data.Country" />
		<typeAlias alias="OrganizationType" type="wde.data.OrganizationType" />
		<typeAlias alias="Feedback" type="wde.data.Feedback" />
	</typeAliases>
	<environments default="standalone">
		<environment id="standalone">
			<transactionManager type="JDBC" />
			<dataSource type="POOLED">
				<property name="driver" value="org.postgresql.Driver" />
				<property name="url" value="jdbc:postgresql://localhost:5432/wxde" />
				<property name="username" value="wxde" />
				<property name="password" value="d0t_dev$" />
			</dataSource>
		</environment>
		<environment id="web">
			<transactionManager type="JDBC" />
			<dataSource type="JNDI">
				<property name="data_source" value="jdbc/wxde" />
			</dataSource>
		</environment>
	</environments>
	<mappers>
		<mapper resource="UserMapper.xml" />
		<mapper resource="FeedbackMapper.xml" />
	</mappers>
</configuration>