id,staticid,updatetime,totime,PlatformCode,category,description,type,contribid,siteid,locbaselat,locbaselong,locbaseelev,locbasedatum,powertype,dooropen,batterystatus,linevolts,maintcontactid
6218,10000,11/13/2013 9:00,,201541,M,MnDOT Sterling Vehicle (auto recovered),,2,5513,0,0,0,,,f,0,0,2
6219,10001,11/13/2013 9:00,,202576,M,MnDOT Sterling Vehicle (auto recovered),,2,5513,0,0,0,,,f,0,0,2
6220,10002,11/13/2013 9:00,,204362,M,MnDOT Sterling Vehicle (auto recovered),,2,5513,0,0,0,,,f,0,0,2
6221,10003,11/13/2013 9:00,,204502,M,MnDOT Sterling Vehicle (auto recovered),,2,5513,0,0,0,,,f,0,0,2
6222,10004,11/13/2013 9:00,,204504,M,MnDOT Sterling Vehicle (auto recovered),,2,5513,0,0,0,,,f,0,0,2
6223,10005,11/13/2013 9:00,,204514,M,MnDOT Sterling Vehicle (auto recovered),,2,5513,0,0,0,,,f,0,0,2
6224,10006,11/13/2013 9:00,,204515,M,MnDOT Sterling Vehicle (auto recovered),,2,5513,0,0,0,,,f,0,0,2
6225,10007,11/13/2013 9:00,,204519,M,MnDOT Sterling Vehicle (auto recovered),,2,5513,0,0,0,,,f,0,0,2
6226,10008,11/13/2013 9:00,,204520,M,MnDOT Sterling Vehicle (auto recovered),,2,5513,0,0,0,,,f,0,0,2
6227,10009,11/13/2013 9:00,,204558,M,MnDOT Sterling Vehicle (auto recovered),,2,5513,0,0,0,,,f,0,0,2
6228,10010,11/13/2013 9:00,,204566,M,MnDOT Sterling Vehicle (auto recovered),,2,5513,0,0,0,,,f,0,0,2
6229,10011,11/13/2013 9:00,,204575,M,MnDOT Sterling Vehicle (auto recovered),,2,5513,0,0,0,,,f,0,0,2
6230,10012,11/13/2013 9:00,,204577,M,MnDOT Sterling Vehicle (auto recovered),,2,5513,0,0,0,,,f,0,0,2
6231,10013,11/13/2013 9:00,,204580,M,MnDOT Sterling Vehicle (auto recovered),,2,5513,0,0,0,,,f,0,0,2
6232,10014,11/13/2013 9:00,,204581,M,MnDOT Sterling Vehicle (auto recovered),,2,5513,0,0,0,,,f,0,0,2
6233,10015,11/13/2013 9:00,,205500,M,MnDOT Sterling Vehicle (auto recovered),,2,5513,0,0,0,,,f,0,0,2
6234,10016,11/13/2013 9:00,,205506,M,MnDOT Sterling Vehicle (auto recovered),,2,5513,0,0,0,,,f,0,0,2
6235,10017,11/13/2013 9:00,,205507,M,MnDOT Sterling Vehicle (auto recovered),,2,5513,0,0,0,,,f,0,0,2
6236,10018,11/13/2013 9:00,,205509,M,MnDOT Sterling Vehicle (auto recovered),,2,5513,0,0,0,,,f,0,0,2
6237,10019,11/13/2013 9:00,,205510,M,MnDOT Sterling Vehicle (auto recovered),,2,5513,0,0,0,,,f,0,0,2
6238,10020,11/13/2013 9:00,,205553,M,MnDOT Sterling Vehicle (auto recovered),,2,5513,0,0,0,,,f,0,0,2
6239,10021,11/13/2013 9:00,,205560,M,MnDOT Sterling Vehicle (auto recovered),,2,5513,0,0,0,,,f,0,0,2
6240,10022,11/13/2013 9:00,,205562,M,MnDOT Sterling Vehicle (auto recovered),,2,5513,0,0,0,,,f,0,0,2
6241,10023,11/13/2013 9:00,,205579,M,MnDOT Sterling Vehicle (auto recovered),,2,5513,0,0,0,,,f,0,0,2
6242,10024,11/13/2013 9:00,,205580,M,MnDOT Sterling Vehicle (auto recovered),,2,5513,0,0,0,,,f,0,0,2
6243,10025,11/13/2013 9:00,,205582,M,MnDOT Sterling Vehicle (auto recovered),,2,5513,0,0,0,,,f,0,0,2
6244,10026,11/13/2013 9:00,,206031,M,MnDOT Sterling Vehicle (auto recovered),,2,5513,0,0,0,,,f,0,0,2
6245,10027,11/13/2013 9:00,,206509,M,MnDOT Sterling Vehicle (auto recovered),,2,5513,0,0,0,,,f,0,0,2
6246,10028,11/13/2013 9:00,,206510,M,MnDOT Sterling Vehicle (auto recovered),,2,5513,0,0,0,,,f,0,0,2
6247,10029,11/13/2013 9:00,,206511,M,MnDOT Sterling Vehicle (auto recovered),,2,5513,0,0,0,,,f,0,0,2
6248,10030,11/13/2013 9:00,,206515,M,MnDOT Sterling Vehicle (auto recovered),,2,5513,0,0,0,,,f,0,0,2
6249,10031,11/13/2013 9:00,,206516,M,MnDOT Sterling Vehicle (auto recovered),,2,5513,0,0,0,,,f,0,0,2
6250,10032,11/13/2013 9:00,,206518,M,MnDOT Sterling Vehicle (auto recovered),,2,5513,0,0,0,,,f,0,0,2
6251,10033,11/13/2013 9:00,,206559,M,MnDOT Sterling Vehicle (auto recovered),,2,5513,0,0,0,,,f,0,0,2
6252,10034,11/13/2013 9:00,,206578,M,MnDOT Sterling Vehicle (auto recovered),,2,5513,0,0,0,,,f,0,0,2
6253,10035,11/13/2013 9:00,,206580,M,MnDOT Sterling Vehicle (auto recovered),,2,5513,0,0,0,,,f,0,0,2
6254,10036,11/13/2013 9:00,,206582,M,MnDOT Sterling Vehicle (auto recovered),,2,5513,0,0,0,,,f,0,0,2
6255,10037,11/13/2013 9:00,,207504,M,MnDOT Sterling Vehicle (auto recovered),,2,5513,0,0,0,,,f,0,0,2
6256,10038,11/13/2013 9:00,,207511,M,MnDOT Sterling Vehicle (auto recovered),,2,5513,0,0,0,,,f,0,0,2
6257,10039,11/13/2013 9:00,,207518,M,MnDOT Sterling Vehicle (auto recovered),,2,5513,0,0,0,,,f,0,0,2
6258,10040,11/13/2013 9:00,,207520,M,MnDOT Sterling Vehicle (auto recovered),,2,5513,0,0,0,,,f,0,0,2
6259,10041,11/13/2013 9:00,,207552,M,MnDOT Sterling Vehicle (auto recovered),,2,5513,0,0,0,,,f,0,0,2
6260,10042,11/13/2013 9:00,,207557,M,MnDOT Sterling Vehicle (auto recovered),,2,5513,0,0,0,,,f,0,0,2
6261,10043,11/13/2013 9:00,,207581,M,MnDOT Sterling Vehicle (auto recovered),,2,5513,0,0,0,,,f,0,0,2
6262,10044,11/13/2013 9:00,,207582,M,MnDOT Sterling Vehicle (auto recovered),,2,5513,0,0,0,,,f,0,0,2
6263,10045,11/13/2013 9:00,,207583,M,MnDOT Sterling Vehicle (auto recovered),,2,5513,0,0,0,,,f,0,0,2
6264,10046,11/13/2013 9:00,,207585,M,MnDOT Sterling Vehicle (auto recovered),,2,5513,0,0,0,,,f,0,0,2
6265,10047,11/13/2013 9:00,,207587,M,MnDOT Sterling Vehicle (auto recovered),,2,5513,0,0,0,,,f,0,0,2
6266,10048,11/13/2013 9:00,,208500,M,MnDOT Sterling Vehicle (auto recovered),,2,5513,0,0,0,,,f,0,0,2
6267,10049,11/13/2013 9:00,,208504,M,MnDOT Sterling Vehicle (auto recovered),,2,5513,0,0,0,,,f,0,0,2
6268,10050,11/13/2013 9:00,,208506,M,MnDOT Sterling Vehicle (auto recovered),,2,5513,0,0,0,,,f,0,0,2
6269,10051,11/13/2013 9:00,,208507,M,MnDOT Sterling Vehicle (auto recovered),,2,5513,0,0,0,,,f,0,0,2
6270,10052,11/13/2013 9:00,,208508,M,MnDOT Sterling Vehicle (auto recovered),,2,5513,0,0,0,,,f,0,0,2
6271,10053,11/13/2013 9:00,,208571,M,MnDOT Sterling Vehicle (auto recovered),,2,5513,0,0,0,,,f,0,0,2
6272,10054,11/13/2013 9:00,,209217,M,MnDOT Sterling Vehicle (auto recovered),,2,5513,0,0,0,,,f,0,0,2
6273,10055,11/13/2013 9:00,,209510,M,MnDOT Sterling Vehicle (auto recovered),,2,5513,0,0,0,,,f,0,0,2
6274,10056,11/13/2013 9:00,,209511,M,MnDOT Sterling Vehicle (auto recovered),,2,5513,0,0,0,,,f,0,0,2
6275,10057,11/13/2013 9:00,,210550,M,MnDOT Sterling Vehicle (auto recovered),,2,5513,0,0,0,,,f,0,0,2
6276,10058,11/13/2013 9:00,,210554,M,MnDOT Sterling Vehicle (auto recovered),,2,5513,0,0,0,,,f,0,0,2
6277,10059,11/13/2013 9:00,,210559,M,MnDOT Sterling Vehicle (auto recovered),,2,5513,0,0,0,,,f,0,0,2
6278,10060,11/13/2013 9:00,,210560,M,MnDOT Sterling Vehicle (auto recovered),,2,5513,0,0,0,,,f,0,0,2
6279,10061,11/13/2013 9:00,,211501,M,MnDOT Sterling Vehicle (auto recovered),,2,5513,0,0,0,,,f,0,0,2
6280,10062,11/13/2013 9:00,,211505,M,MnDOT Sterling Vehicle (auto recovered),,2,5513,0,0,0,,,f,0,0,2
6281,10063,11/13/2013 9:00,,211506,M,MnDOT Sterling Vehicle (auto recovered),,2,5513,0,0,0,,,f,0,0,2
6282,10064,11/13/2013 9:00,,211510,M,MnDOT Sterling Vehicle (auto recovered),,2,5513,0,0,0,,,f,0,0,2
6283,10065,11/13/2013 9:00,,211512,M,MnDOT Sterling Vehicle (auto recovered),,2,5513,0,0,0,,,f,0,0,2
6284,10066,11/13/2013 9:00,,211548,M,MnDOT Sterling Vehicle (auto recovered),,2,5513,0,0,0,,,f,0,0,2
6285,10067,11/13/2013 9:00,,211550,M,MnDOT Sterling Vehicle (auto recovered),,2,5513,0,0,0,,,f,0,0,2
6286,10068,11/13/2013 9:00,,211553,M,MnDOT Sterling Vehicle (auto recovered),,2,5513,0,0,0,,,f,0,0,2
6287,10069,11/13/2013 9:00,,211554,M,MnDOT Sterling Vehicle (auto recovered),,2,5513,0,0,0,,,f,0,0,2
6288,10070,11/13/2013 9:00,,211560,M,MnDOT Sterling Vehicle (auto recovered),,2,5513,0,0,0,,,f,0,0,2
6289,10071,11/13/2013 9:00,,211561,M,MnDOT Sterling Vehicle (auto recovered),,2,5513,0,0,0,,,f,0,0,2
6290,10072,11/13/2013 9:00,,211562,M,MnDOT Sterling Vehicle (auto recovered),,2,5513,0,0,0,,,f,0,0,2
6291,10073,11/13/2013 9:00,,211563,M,MnDOT Sterling Vehicle (auto recovered),,2,5513,0,0,0,,,f,0,0,2
6292,10074,11/13/2013 9:00,,211565,M,MnDOT Sterling Vehicle (auto recovered),,2,5513,0,0,0,,,f,0,0,2
6293,10075,11/13/2013 9:00,,212291,M,MnDOT Sterling Vehicle (auto recovered),,2,5513,0,0,0,,,f,0,0,2
6294,10076,11/13/2013 9:00,,212312,M,MnDOT Sterling Vehicle (auto recovered),,2,5513,0,0,0,,,f,0,0,2
6295,10077,11/13/2013 9:00,,212457,M,MnDOT Sterling Vehicle (auto recovered),,2,5513,0,0,0,,,f,0,0,2
6296,10078,11/13/2013 9:00,,212458,M,MnDOT Sterling Vehicle (auto recovered),,2,5513,0,0,0,,,f,0,0,2
6297,10079,11/13/2013 9:00,,212501,M,MnDOT Sterling Vehicle (auto recovered),,2,5513,0,0,0,,,f,0,0,2
6298,10080,11/13/2013 9:00,,212505,M,MnDOT Sterling Vehicle (auto recovered),,2,5513,0,0,0,,,f,0,0,2
6299,10081,11/13/2013 9:00,,212506,M,MnDOT Sterling Vehicle (auto recovered),,2,5513,0,0,0,,,f,0,0,2
6300,10082,11/13/2013 9:00,,212512,M,MnDOT Sterling Vehicle (auto recovered),,2,5513,0,0,0,,,f,0,0,2
6301,10083,11/13/2013 9:00,,212514,M,MnDOT Sterling Vehicle (auto recovered),,2,5513,0,0,0,,,f,0,0,2
6302,10084,11/13/2013 9:00,,212517,M,MnDOT Sterling Vehicle (auto recovered),,2,5513,0,0,0,,,f,0,0,2
6303,10085,11/13/2013 9:00,,212519,M,MnDOT Sterling Vehicle (auto recovered),,2,5513,0,0,0,,,f,0,0,2
6304,10086,11/13/2013 9:00,,212521,M,MnDOT Sterling Vehicle (auto recovered),,2,5513,0,0,0,,,f,0,0,2
6305,10087,11/13/2013 9:00,,212531,M,MnDOT Sterling Vehicle (auto recovered),,2,5513,0,0,0,,,f,0,0,2
6306,10088,11/13/2013 9:00,,212551,M,MnDOT Sterling Vehicle (auto recovered),,2,5513,0,0,0,,,f,0,0,2
6307,10089,11/13/2013 9:00,,212552,M,MnDOT Sterling Vehicle (auto recovered),,2,5513,0,0,0,,,f,0,0,2
6308,10090,11/13/2013 9:00,,212553,M,MnDOT Sterling Vehicle (auto recovered),,2,5513,0,0,0,,,f,0,0,2
6309,10091,11/13/2013 9:00,,212564%u2019,M,MnDOT Sterling Vehicle (auto recovered),,2,5513,0,0,0,,,f,0,0,2
6310,10092,11/13/2013 9:00,,212565,M,MnDOT Sterling Vehicle (auto recovered),,2,5513,0,0,0,,,f,0,0,2
6311,10093,11/13/2013 9:00,,212566,M,MnDOT Sterling Vehicle (auto recovered),,2,5513,0,0,0,,,f,0,0,2
6312,10094,11/13/2013 9:00,,212567,M,MnDOT Sterling Vehicle (auto recovered),,2,5513,0,0,0,,,f,0,0,2
6313,10095,11/13/2013 9:00,,213128,M,MnDOT Sterling Vehicle (auto recovered),,2,5513,0,0,0,,,f,0,0,2
6314,10096,11/13/2013 9:00,,213540,M,MnDOT Sterling Vehicle (auto recovered),,2,5513,0,0,0,,,f,0,0,2
6315,10097,11/13/2013 9:00,,TRK 2014,M,MnDOT Sterling Vehicle (auto recovered),,2,5513,0,0,0,,,f,0,0,2
6316,10098,11/13/2013 9:00,,TRK 2330,M,MnDOT Sterling Vehicle (auto recovered),,2,5513,0,0,0,,,f,0,0,2
