<?xml version="1.0" encoding="UTF-8" ?>
<!DOCTYPE mapper
PUBLIC "-//mybatis.org//DTD Mapper 3.0//EN"
"http://mybatis.org/dtd/mybatis-3-mapper.dtd">
<mapper namespace="wde.FeedbackMapper">

	<resultMap id="FeedbackResultMapper" type="Feedback">
		<id property="feedbackId" jdbcType="INTEGER"  column="id" />
		<result property="feedbackTypeId" column="feedback_type_id" />
		<result property="userName" column="user_name" />
		<result property="name" column="name" />
		<result property="email" column="email" />
		<result property="section" column="section" />
		<result property="description" column="description" />
	</resultMap>
	
	<insert id="insertNewFeedback" parameterType="Feedback">
		INSERT INTO auth.feedback(
	            name, email, section, description, feedback_type_id, user_name)
	    VALUES (#{userName}, #{email}, #{section}, #{description}, #{feedbackTypeId}, #{userName});
	</insert>
</mapper>