<?xml version="1.0" encoding="UTF-8" ?>
<!DOCTYPE mapper
PUBLIC "-//mybatis.org//DTD Mapper 3.0//EN"
"http://mybatis.org/dtd/mybatis-3-mapper.dtd">
<mapper namespace="wde.UtilMapper">

	<resultMap id="CountryResultMapper" type="Country">
		<id property="code" jdbcType="CHAR" column="country_code" />
		<result property="name" column="country_name" />
	</resultMap>

	<resultMap id="OrganizationTypeResultMapper" type="OrganizationType">
		<id property="code" jdbcType="CHAR" column="organization_type" />
		<result property="name" column="organization_type_name" />
	</resultMap>

	<select id="selectAllCountries" resultMap="CountryResultMapper">
		SELECT country_code, country_name
		FROM auth.country;
	</select>

	<select id="selectAllOrganizationTypes" resultMap="OrganizationTypeResultMapper">
		SELECT organization_type, organization_type_name
		FROM auth.organization_type;
	</select>
	
	<!-- mappers for Boundary -->
	<resultMap type="Boundary" id="BoundaryResultMapper">
		<id property="postalCode" jdbcType="VARCHAR" column="postalcode" />
		<result property="name" column="name" />
		<result property="dataType" column="datatype" />
		<result property="link" column="link" />
		<result property="geometry" column="geometry" />
<!--		<collection property="coordinates" column="boundary_postalcode" 
		    javaType="ArrayList" ofType="Coordinates" resultMap="CoordinatesResultMapper"/>
		<association property="coordinates" column="boundary_postalcode" 
				javaType="ArrayList" select="selectCoordinates">
		</association>
 		<collection property="coordinates" javaType="ArrayList" ofType="Coordinates">
			<id property="postalCode" column="coordinates_postalcode"/>
			<result property="longitude" column="coordinates_longitude"/>
			<result property="latitude" column="coordinates_latitude"/>
		</collection>	 -->
	</resultMap>
	
 	<resultMap type="Coordinates" id="CoordinatesResultMapper">
		<result property="postalCode" column="coordinates_postalcode" />
		<result property="longitude" column="coordinates_longitude" />
		<result property="latitude" column="coordinates_latitude" />
	</resultMap>
	
	<select id="selectJoinedBoundaries" resultMap="BoundaryResultMapper" >
		SELECT 
			b.postalcode as boundary_postalcode, 
			b.name as boundary_name, 
			b.datatype as boundary_datatype, 
			b.link as boundary_link,
			c.postalcode as coordinates_postalcode, 
			c.longitude as coordinates_longitude, 
			c.latitude as coordinates_latitude 
		FROM conf.boundary b
 		INNER JOIN conf.coordinates c
		ON b.postalcode = c.postalcode;
 	</select>
	
	<select id="selectBoundariesKml" resultMap="BoundaryResultMapper" >
		SELECT postalcode, name, datatype, link, geometry
		FROM conf.boundary
 	</select>
	
			<select id="selectAllBoundaries" resultMap="BoundaryResultMapper" >
		SELECT 
			b.postalcode as boundary_postalcode, 
			b.name as boundary_name, 
			b.datatype as boundary_datatype, 
			b.link as boundary_link
<!-- 			c.postalcode as coordinates_postalcode, 
			c.longitude as coordinates_longitude, 
			c.latitude as coordinates_latitude  -->
		FROM conf.boundary b
<!-- 		INNER JOIN conf.coordinates c
		ON b.postalcode = c.postalcode;
 -->	
 	</select>
	
	<select id="selectCoordinates" resultMap="CoordinatesResultMapper" 
	    	parameterType="String">
	    SELECT 
	    	postalcode, 
			longitude,
			latitude
	    FROM conf.coordinates
	    WHERE postalcode = #{id} 
	</select>
</mapper>