"id","csvcId","defId","collectDelay","retryFlag","collectTzId","contentTzId","timestampId","defaultSensorIndex","filepath"
1,50,1,375,1,0,0,13,1,"'OB.AB.TLVT.ALB_GRP.'yyyyMMddHHmm'00.cmml'"
1,51,1,233,1,0,0,14,1,"'OB.BC.MOT.BC_GRP.'yyyyMMddHHmm'00.cmml'"
1,76,2,0,0,0,0,15,0,"'rwis_nm.xml'"
1,52,1,540,1,0,0,13,1,"'OB.YT.HPW.FISHLAKEROAD.'yyyyMMddHHmm'00.cmml'"
2,52,1,1140,1,0,0,13,1,"'OB.YT.HPW.FOXFARMROAD.'yyyyMMddHHmm'00.cmml'"
3,52,1,840,1,0,0,13,1,"'OB.YT.HPW.LONEMOOSELANE.'yyyyMMddHHmm'00.cmml'"
1,53,2,0,0,0,0,15,0,"'rwis_vr.xml'"
1,54,2,0,0,0,0,15,0,"'rwis_vt.xml'"
1,55,2,0,0,0,0,15,0,"'rwis_id.xml'"
1,56,3,0,0,0,-6001,16,0,"'SDDOTRWISData.xml'"
1,57,4,0,0,0,-8001,17,0,"'TTIPv2/TTIPData/DataRequest.aspx?uid=1238&fn=rwis.xml'"
1,58,5,0,0,0,0,18,0,"'xml/weatherstation.xml'"
1,63,2,0,0,0,0,15,0,"'rwis_me.xml'"
1,66,2,0,0,0,0,15,0,"'rwis_tn.xml'"
1,67,2,0,0,0,0,15,0,"'rwis_mo.xml'"
1,68,2,0,0,0,0,15,0,"'rwis_ne.xml'"
6,70,1,110,0,0,0,16,1,"'Clarus/OB.NS.AMEC.NSDOT.'yyyyMMddHHmm'00.cmml'"
7,71,1,116,0,0,0,16,1,"'Clarus/OB.NS.AMEC.ParksCanada.'yyyyMMddHHmm'00.cmml'"
1,77,2,0,0,0,0,15,0,"'rwis_nj.xml'"
