"collectorId","pathId","obsTypeId","multiplier","className","unit","ignoreValues","xmlPath"
1,0,0,,"clarus.cs.xml.WriteRecord","","","/data/observation-series"
1,11,0,,"clarus.cs.xml.StationCode","","","/data/observation-series/origin/id/type/client"
1,22,0,,"clarus.cs.xml.Timestamp","","","/data/observation-series/observation/valid-time"
1,120,0,,"clarus.cs.xml.SensorIndex","","","/data/observation-series/observation/pressure/index"
1,130,554,,"clarus.cs.xml.DataValue","mbar","","/data/observation-series/observation/pressure/type/atmospheric/value"
1,240,0,,"clarus.cs.xml.SensorIndex","","","/data/observation-series/observation/wind/index"
1,260,56104,,"clarus.cs.xml.DataValue","km/h","","/data/observation-series/observation/wind/type/average-scalar-speed-over-60minutes/value"
1,250,56105,,"clarus.cs.xml.DataValue","deg","","/data/observation-series/observation/wind/type/average-direction/value"
1,190,0,,"clarus.cs.xml.SensorIndex","","","/data/observation-series/observation/temperature/index"
1,200,5733,,"clarus.cs.xml.DataValue","C","","/data/observation-series/observation/temperature/type/air-temperature/value"
1,210,575,,"clarus.cs.xml.DataValue","C","","/data/observation-series/observation/temperature/type/dew-point/value"
1,90,0,,"clarus.cs.xml.SensorIndex","","","/data/observation-series/observation/precipitation/index"
1,110,5813,0.1,"clarus.cs.xml.DataValue","cm","","/data/observation-series/observation/precipitation/type/total-over-hour/value"
1,50,0,,"clarus.cs.xml.SensorIndex","","","/data/observation-series/observation/pavement/index"
1,80,51139,,"clarus.cs.xml.DataValue","C","1001","/data/observation-series/observation/pavement/type/temperature/value"
1,60,511313,,"clarus.cs.xml.DataValue","C","1001","/data/observation-series/observation/pavement/type/freeze-point/value"
1,70,51137,,"clarus.cs.xml.MappedValue","","","/data/observation-series/observation/pavement/type/surface-status/value"
1,30,0,,"clarus.cs.xml.SensorIndex","","","/data/observation-series/observation/humidity/index"
1,40,581,,"clarus.cs.xml.DataValue","%","101","/data/observation-series/observation/humidity/type/relative-humidity/value"
1,140,0,,"clarus.cs.xml.SensorIndex","","","/data/observation-series/observation/snow/index"
1,160,588,10,"clarus.cs.xml.DataValue","mm","","/data/observation-series/observation/snow/type/snowfall-accumulation-rate/value"
1,150,583,,"clarus.cs.xml.DataValue","cm","","/data/observation-series/observation/snow/type/adjacent-snow-depth"
1,170,0,,"clarus.cs.xml.SensorIndex","","","/data/observation-series/observation/subsurface/index"
1,180,51165,,"clarus.cs.xml.DataValue","C","","/data/observation-series/observation/subsurface/type/temperature/value"
1,270,56104,,"clarus.cs.xml.DataValue","km/h","","/data/observation-series/observation/wind/type/average-speed/value"
1,300,56108,,"clarus.cs.xml.DataValue","km/h","","/data/observation-series/observation/wind/type/maximum-speed/value"
1,100,586,,"clarus.cs.xml.DataValue","","","/data/observation-series/observation/precipitation/type/moisture-on-sensor/value"
1,290,56109,,"clarus.cs.xml.DataValue","deg","","/data/observation-series/observation/wind/type/direction-at-maximum-speed/value"
1,280,56107,,"clarus.cs.xml.DataValue","deg","","/data/observation-series/observation/wind/type/direction/value"
1,310,56106,,"clarus.cs.xml.DataValue","km/h","","/data/observation-series/observation/wind/type/speed/value"
1,220,576,,"clarus.cs.xml.DataValue","C","","/data/observation-series/observation/temperature/type/maximum-air-temperature-over-24hours/value"
1,230,577,,"clarus.cs.xml.DataValue","C","","/data/observation-series/observation/temperature/type/minimum-air-temperature-over-24hours/value"
1,114,5817,0.1,"clarus.cs.xml.DataValue","cm","","/data/observation-series/observation/precipitation/type/total-over-24hours/value"
1,112,5815,0.1,"clarus.cs.xml.DataValue","cm","","/data/observation-series/observation/precipitation/type/total-over-6hours/value"
1,111,5814,0.1,"clarus.cs.xml.DataValue","cm","","/data/observation-series/observation/precipitation/type/total-over-3hours/value"
1,113,5816,0.1,"clarus.cs.xml.DataValue","cm","","/data/observation-series/observation/precipitation/type/total-over-12hours/value"
1,104,587,0.1,"clarus.cs.xml.DataValue","cm/h","","/data/observation-series/observation/precipitation/type/rate/value"
1,105,589,,"clarus.cs.xml.DataValue","","","/data/observation-series/observation/precipitation/type/situation/value"
1,85,511316,0.1,"clarus.cs.xml.DataValue","mm","","/data/observation-series/observation/pavement/type/water-or-ice-thickness/value"
2,11,0,,"clarus.cs.xml.StationCode","","","/ntcipMessage/source"
2,0,0,,"clarus.cs.xml.WriteRecord","","","/ntcipMessage"
2,22,0,,"clarus.cs.xml.Timestamp","","","/ntcipMessage/dataTime"
2,350,51165,0.1,"clarus.cs.xml.DataValue","C","1001","/ntcipMessage/value/name/essSubSurfaceTemperature"
2,330,51166,0.1,"clarus.cs.xml.DataValue","C","101","/ntcipMessage/value/name/essSubSurfaceMoisture"
2,340,51167,,"clarus.cs.xml.DataValue","","","/ntcipMessage/value/name/essSubSurfaceSensorError"
2,400,51137,,"clarus.cs.xml.DataValue","","","/ntcipMessage/value/name/essSurfaceStatus"
2,410,51138,0.1,"clarus.cs.xml.DataValue","C","1001","/ntcipMessage/value/name/essSurfaceTemperature"
2,420,511316,,"clarus.cs.xml.DataValue","cm","255","/ntcipMessage/value/name/essSurfaceWaterDepth"
2,390,511311,,"clarus.cs.xml.DataValue","","65535","/ntcipMessage/value/name/essSurfaceSalinity"
2,150,51139,0.1,"clarus.cs.xml.DataValue","C","1001","/ntcipMessage/value/name/essPavementTemperature"
2,370,511317,,"clarus.cs.xml.DataValue","mhos/m","65535","/ntcipMessage/value/name/essSurfaceConductivity"
2,380,511313,0.1,"clarus.cs.xml.DataValue","C","1001","/ntcipMessage/value/name/essSurfaceFreezePoint"
2,360,511314,,"clarus.cs.xml.DataValue","","","/ntcipMessage/value/name/essSurfaceBlackIceSignal"
2,140,511315,,"clarus.cs.xml.DataValue","","","/ntcipMessage/value/name/essPavementSensorError"
2,40,5733,0.1,"clarus.cs.xml.DataValue","C","1001","/ntcipMessage/value/name/essAirTemperature"
2,50,554,0.1,"clarus.cs.xml.DataValue","mbar","65535","/ntcipMessage/value/name/essAtmosphericPressure"
2,60,56105,,"clarus.cs.xml.DataValue","deg","361","/ntcipMessage/value/name/essAvgWindDirection"
2,70,56104,0.1,"clarus.cs.xml.DataValue","m/s","65535","/ntcipMessage/value/name/essAvgWindSpeed"
2,110,56108,0.1,"clarus.cs.xml.DataValue","m/s","65535","/ntcipMessage/value/name/essMaxWindGustSpeed"
2,100,56109,,"clarus.cs.xml.DataValue","deg","361","/ntcipMessage/value/name/essMaxWindGustDir"
2,260,581,,"clarus.cs.xml.DataValue","%","101","/ntcipMessage/value/name/essRelativeHumidity"
2,230,587,,"clarus.cs.xml.DataValue","cm/h","65535","/ntcipMessage/value/name/essPrecipRate"
2,290,588,,"clarus.cs.xml.DataValue","cm/h","65535","/ntcipMessage/value/name/essSnowfallAccumRate"
2,160,5813,0.1,"clarus.cs.xml.DataValue","cm","65535","/ntcipMessage/value/name/essPrecipitationOneHour"
2,170,5814,0.1,"clarus.cs.xml.DataValue","cm","65535","/ntcipMessage/value/name/essPrecipitationThreeHours"
2,180,5815,0.1,"clarus.cs.xml.DataValue","cm","65535","/ntcipMessage/value/name/essPrecipitationSixHours"
2,190,5816,0.1,"clarus.cs.xml.DataValue","cm","65535","/ntcipMessage/value/name/essPrecipitationTwelveHours"
2,200,5817,0.1,"clarus.cs.xml.DataValue","cm","65535","/ntcipMessage/value/name/essPrecipitation24Hours"
2,300,595,,"clarus.cs.xml.DataValue","W/m2","65535","/ntcipMessage/value/name/essSolarRadiation"
2,430,592,,"clarus.cs.xml.DataValue","min","1441","/ntcipMessage/value/name/essTotalSun"
2,310,56107,,"clarus.cs.xml.DataValue","deg","361","/ntcipMessage/value/name/essSpotWindDirection"
2,320,56106,0.1,"clarus.cs.xml.DataValue","m/s","65535","/ntcipMessage/value/name/essSpotWindSpeed"
2,480,561010,,"clarus.cs.xml.DataValue","","","/ntcipMessage/value/name/essWindSituation"
2,470,574,0.1,"clarus.cs.xml.DataValue","C","1001","/ntcipMessage/value/name/essWetbulbTemp"
2,80,575,0.1,"clarus.cs.xml.DataValue","C","1001","/ntcipMessage/value/name/essDewpointTemp"
2,120,576,0.1,"clarus.cs.xml.DataValue","C","1001","/ntcipMessage/value/name/essMaxTemp"
2,130,577,0.1,"clarus.cs.xml.DataValue","C","1001","/ntcipMessage/value/name/essMinTemp"
2,460,58212,,"clarus.cs.xml.DataValue","cm","65535","/ntcipMessage/value/name/essWaterDepth"
2,30,583,,"clarus.cs.xml.DataValue","cm","3001","/ntcipMessage/value/name/essAdjacentSnowDepth"
2,270,584,,"clarus.cs.xml.DataValue","cm","3001","/ntcipMessage/value/name/essRoadwaySnowDepth"
2,280,585,,"clarus.cs.xml.DataValue","cm","3001","/ntcipMessage/value/name/essRoadwaySnowPackDepth"
2,250,586,,"clarus.cs.xml.DataValue","","","/ntcipMessage/value/name/essPrecipYesNo"
2,240,589,,"clarus.cs.xml.DataValue","","","/ntcipMessage/value/name/essPrecipSituation"
2,90,5810,,"clarus.cs.xml.DataValue","m","65535","/ntcipMessage/value/name/essIceThickness"
2,210,5811,,"clarus.cs.xml.DataValue","s","0","/ntcipMessage/value/name/essPrecipitationStartTime"
2,220,5812,,"clarus.cs.xml.DataValue","s","0","/ntcipMessage/value/name/essPrecipitationEndTime"
2,440,5101,0.1,"clarus.cs.xml.DataValue","m","1000001","/ntcipMessage/value/name/essVisibility"
2,450,5102,,"clarus.cs.xml.DataValue","","","/ntcipMessage/value/name/essVisibilitySituation"
3,0,0,,"clarus.cs.xml.WriteRecord","","","/device"
3,11,0,,"clarus.cs.xml.StationCode","","","/device/name"
3,22,0,,"clarus.cs.xml.Timestamp","","","/device/tblDeviceType2Log/A2_DateTimeStamp"
3,30,583,,"clarus.cs.xml.DataValue","cm","3001","/device/tblDeviceType2Log/essAdjacentSnowDepth"
3,40,5733,0.1,"clarus.cs.xml.DataValue","C","1001","/device/tblDeviceType2Log/essAirTemperature"
3,50,554,0.1,"clarus.cs.xml.DataValue","mbar","65535","/device/tblDeviceType2Log/essAtmosphericPressure"
3,60,587,,"clarus.cs.xml.DataValue","cm/h","65535","/device/tblDeviceType2Log/essPrecipRate"
3,70,586,,"clarus.cs.xml.DataValue","","","/device/tblDeviceType2Log/essPrecipYesNo"
3,80,581,,"clarus.cs.xml.DataValue","%","101","/device/tblDeviceType2Log/essRelativeHumidity"
3,90,588,,"clarus.cs.xml.DataValue","cm/h","65535","/device/tblDeviceType2Log/essSnowfallAccumRate"
3,100,56107,,"clarus.cs.xml.DataValue","deg","361","/device/tblDeviceType2Log/windSensorSpotDirection"
3,110,56106,0.1,"clarus.cs.xml.DataValue","m/s","65535","/device/tblDeviceType2Log/windSensorSpotSpeed"
3,75,5817,0.1,"clarus.cs.xml.DataValue","cm","65535","/device/tblDeviceType2Log/essPrecipitation24Hours"
3,130,56104,0.1,"clarus.cs.xml.DataValue","m/s","65535","/device/tblDeviceType2Log/windSensorAvgSpeed"
3,140,56105,,"clarus.cs.xml.DataValue","deg","361","/device/tblDeviceType2Log/windSensorAvgDirection"
4,0,0,,"clarus.cs.xml.WriteRecord","","","/responseGroups/responseGroup/weatherReports/weatherReport"
4,11,0,,"clarus.cs.xml.StationCode","","","/responseGroups/responseGroup/weatherReports/weatherReport/head/id"
4,22,0,,"clarus.cs.xml.Date","","","/responseGroups/responseGroup/weatherReports/weatherReport/head/updateTime/date"
4,33,0,,"clarus.cs.xml.Timestamp","","","/responseGroups/responseGroup/weatherReports/weatherReport/head/updateTime/time"
4,40,5733,,"clarus.cs.xml.DataValue","C","1001","/responseGroups/responseGroup/weatherReports/weatherReport/currTemp"
4,140,5101,,"clarus.cs.xml.DataValue","m","1000001","/responseGroups/responseGroup/weatherReports/weatherReport/visibility"
4,150,56105,,"clarus.cs.xml.MappedValue","deg","361","/responseGroups/responseGroup/weatherReports/weatherReport/windDirection"
4,160,56104,,"clarus.cs.xml.DataValue","km/h","65535","/responseGroups/responseGroup/weatherReports/weatherReport/windSpeed"
4,80,207,,"clarus.cs.xml.MappedValue","","No Com;No Data","/responseGroups/responseGroup/weatherReports/weatherReport/precipitation"
4,70,581,,"clarus.cs.xml.DataValue","%","101","/responseGroups/responseGroup/weatherReports/weatherReport/humidity"
4,60,511313,,"clarus.cs.xml.DataValue","C","1001","/responseGroups/responseGroup/weatherReports/weatherReport/freezePoint"
4,110,587,,"clarus.cs.xml.DataValue","cm/h","65535","/responseGroups/responseGroup/weatherReports/weatherReport/rainRate"
4,90,589,,"clarus.cs.xml.MappedValue","","","/responseGroups/responseGroup/weatherReports/weatherReport/precipSituation"
4,130,511316,0.01,"clarus.cs.xml.DataValue","mm","255;NaN","/responseGroups/responseGroup/weatherReports/weatherReport/surfaceWaterDepth"
4,120,51138,,"clarus.cs.xml.DataValue","C","1001","/responseGroups/responseGroup/weatherReports/weatherReport/surfaceTemperature"
4,100,554,,"clarus.cs.xml.DataValue","mbar","65535","/responseGroups/responseGroup/weatherReports/weatherReport/pressure"
4,50,575,,"clarus.cs.xml.DataValue","C","1001","/responseGroups/responseGroup/weatherReports/weatherReport/dewPoint"
5,0,0,,"clarus.cs.xml.WriteRecord","","","/ws:WeatherStation"
5,10,0,,"clarus.cs.xml.StationCode","","","/ws:WeatherStation/ws:ConfigurationId"
5,20,0,,"clarus.cs.xml.Timestamp","","","/ws:WeatherStation/ws:SystemCollectionDt"
5,30,5733,,"clarus.cs.xml.DataValue","F","32767","/ws:WeatherStation/ws:WeatherInfo/ws:EssAirTemp"
5,120,581,,"clarus.cs.xml.DataValue","%","101","/ws:WeatherStation/ws:WeatherInfo/ws:EssRelHumidity"
5,70,575,,"clarus.cs.xml.DataValue","F","32767","/ws:WeatherStation/ws:WeatherInfo/ws:EssDewPointTemp"
5,40,554,,"clarus.cs.xml.DataValue","inHg","65535","/ws:WeatherStation/ws:WeatherInfo/ws:EssAtmosPressure"
5,60,56104,,"clarus.cs.xml.DataValue","mph","255","/ws:WeatherStation/ws:WeatherInfo/ws:EssAvgWindSpeed"
5,50,56105,,"clarus.cs.xml.DataValue","deg","361","/ws:WeatherStation/ws:WeatherInfo/ws:EssAvgWindDir"
5,90,56108,,"clarus.cs.xml.DataValue","mph","255","/ws:WeatherStation/ws:WeatherInfo/ws:EssMaxWindGustSpeed"
5,80,56109,,"clarus.cs.xml.DataValue","deg","361","/ws:WeatherStation/ws:WeatherInfo/ws:EssMaxWindGustDir"
5,140,206,,"clarus.cs.xml.MappedValue","","No Data","/ws:WeatherStation/ws:WeatherInfo/ws:RwisPrecipIntensity"
5,110,587,,"clarus.cs.xml.DataValue","in/h","-1","/ws:WeatherStation/ws:WeatherInfo/ws:EssPrecipRate"
5,100,5817,,"clarus.cs.xml.DataValue","in","-1","/ws:WeatherStation/ws:WeatherInfo/ws:EssPrecip24Hr"
5,130,5101,,"clarus.cs.xml.DataValue","mi","-1","/ws:WeatherStation/ws:WeatherInfo/ws:EssVisibility"
5,1,0,,"clarus.cs.xml.GroupSensorIndex","","","/ws:WeatherStation/ws:WeatherInfo/ws:SurfaceSensorData"
5,2,0,,"clarus.cs.xml.SensorIndex","","","/ws:WeatherStation/ws:WeatherInfo/ws:SurfaceSensorData/ws:SensorId"
5,180,51137,,"clarus.cs.xml.MappedValue","","""No Report""","/ws:WeatherStation/ws:WeatherInfo/ws:SurfaceSensorData/ws:RwisSurfaceStatus"
5,160,51138,,"clarus.cs.xml.DataValue","F","-60;32767","/ws:WeatherStation/ws:WeatherInfo/ws:SurfaceSensorData/ws:EssSurfaceTemperature"
5,150,51165,,"clarus.cs.xml.DataValue","F","-60;32767","/ws:WeatherStation/ws:WeatherInfo/ws:SurfaceSensorData/ws:EssSubSurfaceTemperature"
5,135,574,,"clarus.cs.xml.DataValue","F","32767","/ws:WeatherStation/ws:WeatherInfo/ws:EssWetBulbTemp"
5,165,511311,,"clarus.cs.xml.DataValue","","101","/ws:WeatherStation/ws:WeatherInfo/ws:SurfaceSensorData/ws:EssSurfaceSalinity"
5,170,511316,,"clarus.cs.xml.DataValue","in","32767","/ws:WeatherStation/ws:WeatherInfo/ws:SurfaceSensorData/ws:EssWaterDepth"
5,155,511313,,"clarus.cs.xml.DataValue","F","32767","/ws:WeatherStation/ws:WeatherInfo/ws:SurfaceSensorData/ws:EssSurfaceFreezePoint"
5,175,204,,"clarus.cs.xml.DataValue","%","101;255","/ws:WeatherStation/ws:WeatherInfo/ws:SurfaceSensorData/ws:IcePercentage"
5,145,511315,,"clarus.cs.xml.MappedValue","","","/ws:WeatherStation/ws:WeatherInfo/ws:SurfaceSensorData/ws:EssPvmtSensorError"
5,95,577,,"clarus.cs.xml.DataValue","F","32767","/ws:WeatherStation/ws:WeatherInfo/ws:EssMinTemp"
5,94,576,,"clarus.cs.xml.DataValue","F","32767","/ws:WeatherStation/ws:WeatherInfo/ws:EssMaxTemp"
2,490,56107,,"clarus.cs.xml.DataValue","deg","361","/ntcipMessage/value/name/windSensorSpotDirection"
2,500,56106,0.1,"clarus.cs.xml.DataValue","m/s","65535","/ntcipMessage/value/name/windSensorSpotSpeed"
2,510,56104,0.1,"clarus.cs.xml.DataValue","m/s","65535","/ntcipMessage/value/name/windSensorAvgSpeed"
2,520,56105,,"clarus.cs.xml.DataValue","deg","361","/ntcipMessage/value/name/windSensorAvgDirection"
2,530,56108,0.1,"clarus.cs.xml.DataValue","m/s","65535","/ntcipMessage/value/name/windSensorGustSpeed"
2,540,56109,,"clarus.cs.xml.DataValue","deg","361","/ntcipMessage/value/name/windSensorGustDirection"
1,320,51138,,"clarus.cs.xml.DataValue","C","","/data/observation-series/observation/surface/type/tempature/value"
1,330,5101,,"clarus.cs.xml.DataValue","km","","/data/observation-series/observation/visibility/type/distance/value"
1,340,574,,"clarus.cs.xml.DataValue","C","","/data/observation-series/observation/tempature/type/wet-bulb/value"
2,550,5121,,"clarus.cs.xml.DataValue","%","101","/ntcipMessage/value/name/spectroSurfaceFrictionIndex"
2,560,5810,0.01,"clarus.cs.xml.DataValue","mm","65535","/ntcipMessage/value/name/spectroSurfaceIceLayer"
2,570,584,0.01,"clarus.cs.xml.DataValue","mm","65535","/ntcipMessage/value/name/spectroSurfaceSnowLayer"
2,580,511310,0.01,"clarus.cs.xml.DataValue","mm","65535","/ntcipMessage/value/name/spectroSurfaceWaterLayer"
2,590,51138,0.1,"clarus.cs.xml.DataValue","C","1001","/ntcipMessage/value/name/spectroSurfaceTemperature"
2,630,511371,,"clarus.cs.xml.DataValue","","0","/ntcipMessage/value/name/spectroSurfaceStatus"
