ALTER SEQUENCE meta.site_id_seq RESTART WITH 5801;
INSERT INTO meta.site (staticid, updatetime, statesiteid, contribid, description, roadwaydesc, roadwaymilepost, roadwayoffset, roadwayheight, county, state, country, accessdirections, climateid) VALUES (5837,'2013-05-01 00:00:00','SS10','16','Caldwell East',NULL,'28',NULL,NULL,'3','ID','USA',NULL,NULL);
INSERT INTO meta.site (staticid, updatetime, statesiteid, contribid, description, roadwaydesc, roadwaymilepost, roadwayoffset, roadwayheight, county, state, country, accessdirections, climateid) VALUES (5838,'2013-05-01 00:00:00','SS12','16','Flying Wye East In',NULL,'50',NULL,NULL,'3','ID','USA',NULL,NULL);
INSERT INTO meta.site (staticid, updatetime, statesiteid, contribid, description, roadwaydesc, roadwaymilepost, roadwayoffset, roadwayheight, county, state, country, accessdirections, climateid) VALUES (5839,'2013-05-01 00:00:00','SS12','16','Flying Wye East Out',NULL,'50',NULL,NULL,'3','ID','USA',NULL,NULL);
INSERT INTO meta.site (staticid, updatetime, statesiteid, contribid, description, roadwaydesc, roadwaymilepost, roadwayoffset, roadwayheight, county, state, country, accessdirections, climateid) VALUES (5840,'2013-05-01 00:00:00','','16','Fort Hall',NULL,'80',NULL,NULL,'5','ID','USA',NULL,NULL);
INSERT INTO meta.site (staticid, updatetime, statesiteid, contribid, description, roadwaydesc, roadwaymilepost, roadwayoffset, roadwayheight, county, state, country, accessdirections, climateid) VALUES (5841,'2013-05-01 00:00:00','SS12','16','Issacs Canyon',NULL,'59',NULL,NULL,'3','ID','USA',NULL,NULL);
INSERT INTO meta.site (staticid, updatetime, statesiteid, contribid, description, roadwaydesc, roadwaymilepost, roadwayoffset, roadwayheight, county, state, country, accessdirections, climateid) VALUES (5842,'2013-05-01 00:00:00','','16','Jerome Butte',NULL,'59',NULL,NULL,'4','ID','USA',NULL,NULL);
INSERT INTO meta.site (staticid, updatetime, statesiteid, contribid, description, roadwaydesc, roadwaymilepost, roadwayoffset, roadwayheight, county, state, country, accessdirections, climateid) VALUES (5843,'2013-05-01 00:00:00','SS27','16','Lake Creek',NULL,'412',NULL,NULL,'1','ID','USA',NULL,NULL);
INSERT INTO meta.site (staticid, updatetime, statesiteid, contribid, description, roadwaydesc, roadwaymilepost, roadwayoffset, roadwayheight, county, state, country, accessdirections, climateid) VALUES (5844,'2013-05-01 00:00:00','','16','McCammon Interchange',NULL,'484',NULL,NULL,'5','ID','USA',NULL,NULL);
INSERT INTO meta.site (staticid, updatetime, statesiteid, contribid, description, roadwaydesc, roadwaymilepost, roadwayoffset, roadwayheight, county, state, country, accessdirections, climateid) VALUES (5845,'2013-05-01 00:00:00','','16','Topaz',NULL,'367',NULL,NULL,'5','ID','USA',NULL,NULL);
INSERT INTO meta.site (staticid, updatetime, statesiteid, contribid, description, roadwaydesc, roadwaymilepost, roadwayoffset, roadwayheight, county, state, country, accessdirections, climateid) VALUES (5846,'2013-05-01 00:00:00','','16','Tuttle',NULL,'149',NULL,NULL,'4','ID','USA',NULL,NULL);
INSERT INTO meta.site (staticid, updatetime, statesiteid, contribid, description, roadwaydesc, roadwaymilepost, roadwayoffset, roadwayheight, county, state, country, accessdirections, climateid) VALUES (5847,'2013-05-01 00:00:00','','16','Valley Interchange',NULL,'199',NULL,NULL,'4','ID','USA',NULL,NULL);
INSERT INTO meta.site (staticid, updatetime, statesiteid, contribid, description, roadwaydesc, roadwaymilepost, roadwayoffset, roadwayheight, county, state, country, accessdirections, climateid) VALUES (5848,'2013-05-01 00:00:00','512-64','19','Esterville','Hwy-9',NULL,NULL,NULL,'Emmet','IA','USA',NULL,'13010000');
