UPDATE meta.platform SET platformcode='705-00', updatetime='2013-05-01 00:00:00' WHERE id=4844 AND platformcode='705-0';
UPDATE meta.platform SET platformcode='705-01', updatetime='2013-05-01 00:00:00' WHERE id=4845 AND platformcode='705-1';
UPDATE meta.platform SET platformcode='705-02', updatetime='2013-05-01 00:00:00' WHERE id=4846 AND platformcode='705-2';
UPDATE meta.platform SET platformcode='705-03', updatetime='2013-05-01 00:00:00' WHERE id=4847 AND platformcode='705-3';
UPDATE meta.platform SET platformcode='705-04', updatetime='2013-05-01 00:00:00' WHERE id=5255 AND platformcode='705-4';
UPDATE meta.platform SET platformcode='705-05', updatetime='2013-05-01 00:00:00' WHERE id=5280 AND platformcode='705-5';
UPDATE meta.platform SET platformcode='705-06', updatetime='2013-05-01 00:00:00' WHERE id=5281 AND platformcode='705-6';
UPDATE meta.platform SET platformcode='705-07', updatetime='2013-05-01 00:00:00' WHERE id=5282 AND platformcode='705-7';
UPDATE meta.platform SET platformcode='705-08', updatetime='2013-05-01 00:00:00' WHERE id=5283 AND platformcode='705-8';
UPDATE meta.platform SET platformcode='705-09', updatetime='2013-05-01 00:00:00' WHERE id=5284 AND platformcode='705-9';
