"id","updatetime","obstype","obs1204units","obsdesc","obsinternalunits","active","obsenglishunits"
541,2013-03-06 13:51:33.012-06,"essLatitude","10^-6 degrees","Latitude of the ESS station [observation] per WGS-84 datum","deg",f,"deg"
542,2013-03-06 13:51:33.013-06,"essLongitude","10^-6 degrees","East longitude from the Prime Meridian of the ESS station [observation]","deg",f,"deg"
543,2013-03-06 13:51:33.014-06,"essVehicleSpeed","km/hr","Current speed being reported by the vehicle","km/h",f,"mph"
544,2013-03-06 13:51:33.014-06,"essVehicleBearing","degrees clockwise from true North","Current bearing of the vehicle","deg",f,"deg"
545,2013-03-06 13:51:33.015-06,"essVehicleOdometer","meters","Current odometer reading of the vehicle","m",f,"ft"
551,2013-03-06 13:51:33.015-06,"essReferenceHeight","meters above mean sea level","Reference elevation of the ESS; height to base of station for permanent ESS height to the ground surface upon which the ESS resides for transportable ESS, or height to surface under vehicle for mobile ESS","m",f,"ft"
554,2013-03-06 13:51:33.016-06,"essAtmosphericPressure","10^-1 millibars, or 10^-1 hectopascals","Force per unit area exerted by the atmosphere","mbar",t,"inHg"
56104,2013-03-06 13:51:33.016-06,"windSensorAvgSpeed","10^-1 meters per second","Two-minute average of the wind speed","m/s",t,"mph"
56105,2013-03-06 13:51:33.017-06,"windSensorAvgDirection","degrees clockwise from true North","Two-min. average of wind direction (CW from North)","deg",t,"deg"
56106,2013-03-06 13:51:33.017-06,"windSensorSpotSpeed","10^-1 meters per second","Instantaneous wind speed","m/s",t,"mph"
56107,2013-03-06 13:51:33.018-06,"windSensorSpotDirection","degrees clockwise from true North","Instantaneous wind direction (CW from North)","deg",t,"deg"
56108,2013-03-06 13:51:33.018-06,"windSensorGustSpeed","10^-1 meters per second","Maximum wind gust recorded during preceding 10 min.","m/s",t,"mph"
56109,2013-03-06 13:51:33.018-06,"windSensorGustDirection","degrees clockwise from true North","Direction of max. wind gust during preceding 10 min.","deg",t,"deg"
561010,2013-03-06 13:51:33.019-06,"windSensorSituation","integer","Describes the weather and travel situation in terms of wind from staffed stations only. Specific ranges for these values are defined in the Glossary of Meteorology",,t,
5733,2013-03-06 13:51:33.019-06,"essAirTemperature","10^-1 degrees Celsius","Instantaneous dry-bulb temperature","C",t,"F"
574,2013-03-06 13:51:33.02-06,"essWetBulbTemp","10^-1 degrees Celsius","Instantaneous wet-bulb temperature","C",t,"F"
575,2013-03-06 13:51:33.02-06,"essDewpointTemp","10^-1 degrees Celsius","Instantaneous dewpoint temperature","C",t,"F"
576,2013-03-06 13:51:33.02-06,"essMaxTemp","10^-1 degrees Celsius","Maximum air temperature during preceding 24 hours","C",t,"F"
577,2013-03-06 13:51:33.02-06,"essMinTemp","10^-1 degrees Celsius","Minimum air temperature during preceding 24 hours","C",t,"F"
581,2013-03-06 13:51:33.021-06,"essRelativeHumidity","percent","Relative humidity","%",t,"%"
583,2013-03-06 13:51:33.021-06,"essAdjacentSnowDepth","centimeters","Depth of undrifted & unplowed snow off roadways","cm",t,"ft"
584,2013-03-06 13:51:33.021-06,"essRoadwaySnowDepth","centimeters","Depth of unpacked snow on roadway surface","cm",t,"ft"
585,2013-03-06 13:51:33.021-06,"essRoadwaySnowpackDepth","centimeters","Depth of packed snow on roadway surface","cm",t,"ft"
586,2013-03-06 13:51:33.022-06,"essPrecipYesNo","integer","Indicates whether or not precip is detected: (1) precip; (2) noPrecip; (3) error",,t,
587,2013-03-06 13:51:33.023-06,"essPrecipRate","10^-1 grams per sq. meter per second","Rate of rainfall or water equivalent of snow","cm/h",t,"in/h"
588,2013-03-06 13:51:33.023-06,"essSnowfallAccumRate","10^-7 meters per second","Rate of snowfall accumulation","m/s",t,"ft/s"
589,2013-03-06 13:51:33.024-06,"essPrecipSituation","integer","Description of precipitation type & intensity; see NTCIP 1204 for validation rules and text mapping",,t,
5810,2013-03-06 13:51:33.024-06,"essIceThickness","millimeters","Thickness of the ice","mm",t,"ft"
5811,2013-03-06 13:51:33.024-06,"essPrecipitationStartTime","seconds since 00:00:00 Jan 1, 1970 UTC","Time when most recent precipitation event began","s",t,"s"
5812,2013-03-06 13:51:33.024-06,"essPrecipitationEndTime","seconds since 00:00:00 Jan 1, 1970 UTC","Time when most recent precipitation event ended","s",t,"s"
5813,2013-03-06 13:51:33.025-06,"essPrecipitationOneHour","10^-1 kg per sq meter","Total water equivalent precipitation over preceding 1 hr","cm",t,"in"
5814,2013-03-06 13:51:33.026-06,"essPrecipitationThreeHours","10^-1 kg per sq meter","Total water equivalent precipitation over preceding 3 hrs","cm",t,"in"
5815,2013-03-06 13:51:33.026-06,"essPrecipitationSixHours","10^-1 kg per sq meter","Total water equivalent precipitation over preceding 6 hrs","cm",t,"in"
5816,2013-03-06 13:51:33.027-06,"essPrecipitationTwelveHours","10^-1 kg per sq meter","Total water equivalent precipitation over preceding 12 hrs","cm",t,"in"
5817,2013-03-06 13:51:33.027-06,"essPrecipitation24Hours","10^-1 kg per sq meter","Total water equivalent precipitation over preceding 24 hrs","cm",t,"in"
58212,2013-03-06 13:51:33.028-06,"waterLevelSensorReading","centimeters","Depth of the water from a user-defined point","cm",t,"in"
592,2013-03-06 13:51:33.028-06,"essTotalSun","minutes","Total amount of sunshine during preceding 24 hrs","min",t,"min"
593,2013-03-06 13:51:33.029-06,"essCloudSituation","integer","Description of amount of cloud cover; see NTCIP 1204 for validation rules and text mapping",,f,
596,2013-03-06 13:51:33.029-06,"essTotalRadiation","joules per sq meter","Average total radiation during the radiation period","J/m2",t,"J/m2"
597,2013-03-06 13:51:33.03-06,"essTotalRadiationPeriod","seconds","Length of time essTotalRadiation is averaged [i.e., accumulated]","s",f,"s"
5101,2013-03-06 13:51:33.03-06,"essVisibility","10^-1 meters","Surface visibility","m",t,"ft"
5102,2013-03-06 13:51:33.03-06,"essVisibilitySituation","integer","Describes visibility of travel environment; see NTCIP 1204 for validation rules and text mapping",,t,
51137,2013-03-06 13:51:33.03-06,"essSurfaceStatus","integer","Describes pavement surface status; see NTCIP 1204 for validation rules and text mapping",,t,
51138,2013-03-06 13:51:33.031-06,"essSurfaceTemperature","10^-1 degrees Celsius","Current pavement surface temperature","C",t,"F"
51139,2013-03-06 13:51:33.031-06,"essPavementTemperature","10^-1 degrees Celsius","Current pavement temp. 2-10 cm below surface, specifically at pavementSensorTemperatureDepth","C",t,"F"
511311,2013-03-06 13:51:33.031-06,"essSurfaceSalinity","parts per one hundred thousand by weight","Pavement [surface] salinity",,t,
511313,2013-03-06 13:51:33.031-06,"essSurfaceFreezePoint","10^-1 degrees Celsius","Solution freeze point temperature","C",t,"F"
511314,2013-03-06 13:51:33.031-06,"essSurfaceBlackIceSignal","integer","Indicates whether or not black ice is detected; see NTCIP 1204 for data validation and mapping",,t,
511315,2013-03-06 13:51:33.032-06,"essPavementSensorError","integer","Type of pavement sensor error; see NTCIP 1204 for data validation and mapping",,t,
511316,2013-03-06 13:51:33.032-06,"essSurfaceIceOrWaterDepth","10^-1 millimeters","Current ice thickness or water depth on roadway surface","mm",t,"in"
511317,2013-03-06 13:51:33.032-06,"essSurfaceConductivityV2","10^-1 millimhos/cm","Conductivity of the ice/liquid mixture on the pavement as detected by the sensor","mhos/m",t,"mhos/ft"
511319,2013-03-06 13:51:33.032-06,"pavementSensorTemperatureDepth","centimeters","Depth at which the pavement temperature is detected","m",f,"ft"
51165,2013-03-06 13:51:33.032-06,"essSubSurfaceTemperature","10^-1 degrees Celsius","Current sub-surface temperature","C",t,"F"
51166,2013-03-06 13:51:33.033-06,"essSubSurfaceMoisture","percent","Sub-surface moisture espressed as a percentage (e.g., 0 indicates dry, 100 indicates saturated)","%",t,"%"
51167,2013-03-06 13:51:33.033-06,"essSubSurfaceSensorError","integer","Type of sensor error; see NTCIP 1204 for data validation and mapping",,f,
5121,2013-03-06 13:51:33.033-06,"essMobileFriction","percent","Measured coefficient of friction","%",t,"%"
5122,2013-03-06 13:51:33.033-06,"essMobileObservationGroundState","integer","Prevailing observed ground state of the surrounding environment as determined by the observer; an indicator of past weather conditions; see NTCIP 1204 for data validation and mapping",,f,
5123,2013-03-06 13:51:33.034-06,"essMobileObservationPavement","integer","Prevailing ovserved conditions on the driving surface as determined by the observer; see NTCIP 1204 for data validation and mapping",,f,
51332,2013-03-06 13:51:33.034-06,"essPaveTreatProductType","integer","Type of treatment being applied to the road; see NTCIP1204 for data validation and mapping",,f,
51333,2013-03-06 13:51:33.034-06,"essPaveTreatProductForm","integer","Condtion of the treatment being applied to the road; see NTCIP 1204 for data validation and mapping",,f,
51334,2013-03-06 13:51:33.034-06,"essPercentProductMix","percent","Percentage of the total application mix by weight that is of the type specified in essPaveTreatProductType",,f,
5134,2013-03-06 13:51:33.035-06,"essPaveTreatmentAmount","kg per lane km","Quantity of the treatment being applied","kg/km",f,"lb/mi"
5135,2013-03-06 13:51:33.035-06,"essPaveTreatmentWidth","meters","Width of the spread of treatment","m",f,"ft"
5141,2013-03-06 13:51:33.035-06,"essCO","ppm","Concentration of carbon monoxide in the air",,f,
5142,2013-03-06 13:51:33.035-06,"essCO2","ppb","Concentration of carbon dioxide in the air",,f,
5143,2013-03-06 13:51:33.035-06,"essNO","ppm","Concentration of nitrous oxide in the air",,f,
5144,2013-03-06 13:51:33.036-06,"essNO2","ppb","Concentration of nitrous dioxide in the air",,f,
5145,2013-03-06 13:51:33.036-06,"essSO2","ppb","Concentration of sulfur dioxide in the air",,f,
5146,2013-03-06 13:51:33.036-06,"essO3","parts per one hundred billion","Concentration of ozone in the air",,f,
204,2013-03-06 13:51:33.036-06,"icePercent","percent","Percent of ice cover on roadway","%",t,"%"
205,2013-03-06 13:51:33.036-06,"precip10min","tenths of kilograms per square meter","Total water equivalent precip. over preceding 10 min","cm",t,"in"
206,2013-03-06 13:51:33.037-06,"precipIntensity",,"Description of precipiation intensity",,t,
207,2013-03-06 13:51:33.037-06,"precipType",,"Description of precipitation type",,t,
595,2013-03-06 13:51:33.037-06,"essInstantaneousSolarRadiation","watts per square meter","The instantaneous ultraviolet, visible, and near-infrared (wavelength of less than 3.0 micrometers) radiation hitting the earth's surface in watts per square meter","W/m2",t,"W/m2"
511310,2013-03-06 13:51:33.037-06,"essSurfaceWaterDepth","millimeters","The current depth of water on the surface of the roadway measured in millimeters.","mm",t,"in"
511371,2013-03-06 13:51:33.038-06,"essSurfaceStatus2","integer","Describes pavement surface status; see obsvaluemap.csv in metadata for mapping",,t,
2000000,2013-03-06 13:51:33.038-06,"mobileHeadlightsYesNo","integer","Indicates whether the headlights are on or not",,t,
2000001,2013-03-06 13:51:33.038-06,"mobileWipersYesNo","integer","Indicates whether the wipers are on or not",,t,
