<?xml version="1.0" encoding="UTF-8"?>
<changelogs>
	<changelog>
		<date>November 14, 2013</date>
		<heading>Change Log</heading>
		<news>
			<![CDATA[
			- Added new observation types (ABS, Speed, Heading, etc.) for VDT data<br>
			- Identified and recovered metadata for 99 platforms and 499 sensors for VDT data
			]]>
		</news>
		<url>/changeLog.jsp</url>
		<link>internal</link>
		<featured>true</featured>
	</changelog>
	<changelog>
		<date>November 5, 2013</date>
		<heading>Change Log</heading>
		<news>
			<![CDATA[
			- Added FAQ under the About menu with the same look and feel from the RDE.  Content is under development<br>
			- Fixed map display for transportable platforms<br>
			- Fixed day light saving time in the database 
			]]>
		</news>
		<url>/changeLog.jsp</url>
		<link>internal</link>
		<featured>true</featured>
	</changelog>
	<changelog>
		<date>October 31, 2013</date>
		<heading>Change Log</heading>
		<news>
			<![CDATA[
			- Fixed VDT temperature readings<br>
			- Fixed header and quality check flag printout in query/subscription result<br>
			- Masked the password for subscription results<br>
			- Changed the color of the Subscribe button 
			]]>
		</news>
		<url>/changeLog.jsp</url>
		<link>internal</link>
		<featured>true</featured>
	</changelog>
	<changelog>
		<date>October 29, 2013</date>
		<heading>Change Log</heading>
		<news>
			<![CDATA[
			- Integrated VDT quality checked probe data
			]]>
		</news>
		<url>/changeLog.jsp</url>
		<link>internal</link>
		<featured>false</featured>
	</changelog>
	<changelog>
		<date>October 21, 2013</date>
		<heading>Change Log</heading>
		<news>
			<![CDATA[
			- Removed special HTML characters from the feedback description<br>
			- Removed Observation.jsp link from the mini menu<br>
			- Fixed the adjustable height in the showQueryResults.jsp
			]]>
		</news>
		<url>/changeLog.jsp</url>
		<link>internal</link>
		<featured>false</featured>
	</changelog>
	<changelog>
		<date>October 16, 2013</date>
		<heading>Change Log</heading>
		<news>
			<![CDATA[
			- Added About menu<br />
			- Linked Terms of Use<br />
			- Linked Change Log<br />
			- Moved Data Sources from the Admin menu to the About menu<br />
			- Fixed IE8 cache bug<br />
			- Various UI fixes<br />
			- Fixed user edit bug<br />
			- Fixed sensor metadata problems<br />
			]]>
		</news>
		<url>/changeLog.jsp</url>
		<link>internal</link>
		<featured>false</featured>
	</changelog>
	<changelog>
		<date>September 13, 2013</date>
		<heading>WxDE CBT</heading>
		<news>
			The WxDE 1.0 opens closed beta access to USDOT users for review and comment.
			Open beta will follow after closed beta testing.
		</news>
		<url>/newsPage.jsp</url>
		<link>internal</link>
		<featured>false</featured>
	</changelog>
	<changelog>
		<date>July 20, 2013</date>
		<heading>RWM Stakeholder Meeting</heading>
		<news>
			The 2013 Road Weather Management Stakeholder 
			Meeting was held July 16 through July 18 in 
			Little Rock, Arkansas. 
		</news>
		<url>http://www.its.dot.gov/meetings/roadweather_meeting_stakeholder2013.htm</url>
		<link>external</link>
		<featured>true</featured>
	</changelog>
	<changelog>
		<date>July 16, 2013</date>
		<heading>WxDE Interim Instance Opened</heading>
		<news>
			The WxDE Interim Instance was opened for business 
			and its availability was announced at the 
			2013 Road Weather Management Stakeholder Meeting. 
		</news>
		<url>/newsPage.jsp</url>
		<link>internal</link>
		<featured>true</featured>
	</changelog>
</changelogs>