<?xml version="1.0" encoding="UTF-8" ?>
<!DOCTYPE mapper
PUBLIC "-//mybatis.org//DTD Mapper 3.0//EN"
"http://mybatis.org/dtd/mybatis-3-mapper.dtd">
<mapper namespace="wde.UtilMapper">

	<resultMap id="CountryResultMapper" type="Country">
		<id property="code" jdbcType="CHAR" column="country_code" />
		<result property="name" column="country_name" />
	</resultMap>

	<resultMap id="OrganizationTypeResultMapper" type="OrganizationType">
		<id property="code" jdbcType="CHAR" column="organization_type" />
		<result property="name" column="organization_type_name" />
	</resultMap>

	<select id="selectAllCountries" resultMap="CountryResultMapper">
		SELECT country_code, country_name
		FROM auth.country;
	</select>

	<select id="selectAllOrganizationTypes" resultMap="OrganizationTypeResultMapper">
		SELECT organization_type, organization_type_name
		FROM auth.organization_type;
	</select>

</mapper>