"id","active","contribId","midnightOffset","collectionInterval","instanceName","className","endpoint","username","password"
1,0,54,60,3600,"CAN/BC","clarus.cs.ascii.CsvSvc","ftp://clarus7","ClarusBC","CanBC"
3,0,1,317,600,"USA/AK","clarus.cs.ascii.CsvSvc","http://www.dot.state.ak.us/","",""
4,0,53,360,1200,"CAN/AB","clarus.cs.ascii.CsvSvc","ftp://clarus7","ClarusAB","CanAB"
5,0,7,228,300,"USA/AZ","clarus.cs.ascii.CsvSvc","ftp://birice.vaisala.com","azdot","bolatie"
6,0,9,106,1200,"USA/CA","clarus.cs.ascii.CsvSvc","http://www.dot.ca.gov/","",""
7,1,12,123,300,"USA/DE","clarus.cs.ascii.CsvSvc","ftp://wx.data-env.com","DelDOT","SeaLevel"
8,1,19,133,600,"USA/IA","clarus.cs.ascii.CsvSvc","ftp://165.206.203.34","rwis","rwisftp1"
9,1,17,225,300,"USA/IL","clarus.cs.ascii.CsvSvc","ftp://birice.vaisala.com","ildot","coffee"
10,0,18,315,600,"USA/IN","clarus.cs.ascii.CsvSvc","sftp://sftp.in.gov","brboyce@shared.state.in.us","WxDE2013"
11,0,66,311,600,"USA/IN/Indianapolis","clarus.cs.ascii.CsvSvc","sftp://sftp.in.gov","brboyce@shared.state.in.us","WxDE2013"
12,0,25,512,600,"USA/MA","clarus.cs.ascii.CsvSvc","ftp://wxftp.dtn.com","clarus","sQZ9EiSaEdDOm0"
13,1,2,247,600,"USA/MN","clarus.cs.ascii.CsvSvc","ftp://rwis.dot.state.mn.us","clarus","cdk755"
14,1,29,153,600,"USA/MT","clarus.cs.ascii.CsvSvc","ftp://ftp.mdt.mt.gov","anonymous","clarus@mixonhill.com"
15,0,37,100,900,"USA/ND","clarus.cs.ascii.CsvSvc","ftp://ftp.state.nd.us","dotrwisuser","wsx428"
16,0,30,60,600,"USA/NE","clarus.cs.ascii.CsvSvc","ftp://clarus7","NDORRWIS","BlueAgate"
17,0,38,70,600,"USA/OH","clarus.cs.ascii.CsvSvc","ftp://ftp.dot.state.oh.us","anonymous","clarus@mixonhill.com"
20,-2,3,0,900,"USA/UT","clarus.cs.ascii.CsvSvc","ftp://ftp.commuterlink.utah.gov","anonymous","clarus"
21,0,48,420,600,"USA/VA","clarus.cs.ascii.CsvSvc","ftp://clarus7","ClarusVA","vaisala"
22,0,49,737,1200,"USA/WA","clarus.cs.ascii.CsvSvc","ftp://ftp.wsdot.wa.gov","anonymous","clarus-system.com"
23,1,51,386,900,"USA/WI","clarus.cs.ascii.CsvSvc","ftp://dsftp.vaisala.com","widot","badger"
24,0,65,240,1200,"CAN/YT","clarus.cs.ascii.CsvSvc","ftp://clarus7","ClarusYK","CanYK"
25,0,16,540,600,"USA/ID","clarus.cs.ascii.CsvSvc","ftp://clarus7","ClarusID","xml4clarus"
26,0,13,497,600,"USA/FL","clarus.cs.ascii.CsvSvc","ftp://wx.data-env.com","FLDOT","moonstone"
27,0,21,311,600,"USA/KY","clarus.cs.ascii.CsvSvc","ftp://wx.data-env.com","ClarusKY","ZAPXebra"
28,0,5,542,3600,"USA/OK","clarus.cs.mdf.MdfSvc","http://www.mesonet.org/","",""
29,0,44,180,600,"USA/SD","clarus.cs.ascii.CsvSvc","ftp://clarus7","ClarusSD","RicharD"
30,0,10,120,600,"USA/CO","clarus.cs.ascii.CsvSvc","http://clarus7/","",""
31,0,24,371,900,"USA/MD","clarus.cs.ascii.CsvSvc","ftp://www.clarus-system.com","ClarusMD","MDRWIS"
32,1,26,0,300,"USA/MI","clarus.cs.ascii.CsvSvc","ftp://wxftp.dtn.com","rwismich1780428","5v3cZymkDi&G)1"
33,0,43,185,300,"USA/SC","clarus.cs.ascii.CsvSvc","ftp://birice.vaisala.com","scdot","BoykinSpaniel"
34,0,47,120,600,"USA/VT","clarus.cs.ascii.CsvSvc","ftp://clarus7","ClarusVT","xml4clarus"
35,1,47,65,300,"USA/VT/SSI","clarus.cs.ascii.CsvSvc","ftp://wx.data-env.com","VTClarus","honeybee"
36,0,35,201,300,"USA/NY","clarus.cs.ascii.CsvSvc","http://50.17.222.248/NYSDOT/Export/","bBoyce","NYSguest08"
37,1,52,83,300,"USA/WY","clarus.cs.ascii.CsvSvc","ftp://wx.data-env.com","Clarus","RWISExport"
38,1,67,205,5400,"USA/IL/McHenryCounty","clarus.cs.ascii.CsvSvc","ftp://birice.vaisala.com","mchenryctyil","GreenBayTrail"
39,-1,68,527,1200,"USA/OK/OKC","clarus.cs.mdf.MdfSvc","http://www.mesonet.org/","",""
40,0,3,240,600,"USA/UT","clarus.cs.ascii.CsvSvc","ftp://wx.data-env.com","ClarusUT","showerwindow"
41,0,4,60,900,"USA/CAN/NWS","clarus.cs.ascii.CsvSvc","ftp://clarus7","NWS","metar"
42,0,32,60,300,"USA/NH","clarus.cs.ascii.CsvSvc","http://199.192.6.37/","",""
43,0,40,180,1200,"USA/OR","clarus.cs.ascii.CsvSvc","ftp://clarus7","ClarusOR","neighborHood"
45,1,20,103,900,"USA/KS","clarus.cs.ascii.CsvSvc","ftp://kdotxftp.ksdot.org","clarus","B0xfr0g"
50,0,53,435,1200,"CAN/AB/Xml","clarus.cs.xml.XmlSvc","ftp://www.clarus-system.com","ClarusAB","CanAB"
51,0,54,113,3600,"CAN/BC/Xml","clarus.cs.xml.XmlSvc","ftp://www.clarus-system.com","ClarusBC","CanBC"
52,0,65,287,1200,"CAN/YT/Xml","clarus.cs.xml.XmlSvc","ftp://wx.data-env.com","ClarusYK","CanYK"
53,0,48,221,300,"USA/VA/Xml","clarus.cs.xml.XmlSvc","ftp://birice.vaisala.com","Clarus","xml4clarus"
54,0,47,218,300,"USA/VT/Xml","clarus.cs.xml.XmlSvc","ftp://birice.vaisala.com","Clarus","xml4clarus"
55,1,16,215,300,"USA/ID/Xml","clarus.cs.xml.XmlSvc","ftp://birice.vaisala.com","Clarus","xml4clarus"
56,0,44,231,600,"USA/SD/Xml","clarus.cs.xml.XmlSvc","ftp://sddot.intelligentdevicesinc.com","Clarus","rainOr$hine"
57,1,40,235,1200,"USA/OR/Xml","clarus.cs.xml.XmlSvc","http://www.TripCheck.com/","",""
58,1,10,143,600,"USA/CO/Xml","clarus.cs.xml.XmlSvc","http://www.cotrip.org/xml/","",""
59,-1,33,188,300,"USA/NJ","clarus.cs.ascii.CsvSvc","ftp://birice.vaisala.com","njdot","buffnBlue"
60,1,31,73,600,"USA/NV","clarus.cs.ascii.CsvSvc","ftp://wx.data-env.com","ClarusNV","Ichthyosaur"
61,1,19,76,600,"USA/IA","clarus.cs.ascii.CsvSvc","ftp://165.206.203.34","rwis","rwisftp1"
62,1,4,267,900,"USA/CAN/NWS","clarus.cs.ascii.CsvSvc","ftp://wx.data-env.com","NWS","metar"
63,0,23,191,300,"USA/ME/Xml","clarus.cs.xml.XmlSvc","ftp://birice.vaisala.com","Clarus","xml4clarus"
64,0,28,60,300,"USA/MO","clarus.cs.ascii.CsvSvc","ftp://clarus7","ClarusMO","fiddle"
65,0,69,90,900,"USA/KS/KTA","clarus.cs.ascii.CsvSvc","ftp://wx.data-env.com","ClarusKS","boxTurtle"
66,0,45,195,300,"USA/TN/Xml","clarus.cs.xml.XmlSvc","ftp://birice.vaisala.com","Clarus","xml4clarus"
67,1,28,198,300,"USA/MO/Xml","clarus.cs.xml.XmlSvc","ftp://birice.vaisala.com","Clarus","xml4clarus"
68,0,30,211,300,"USA/NE/Xml","clarus.cs.xml.XmlSvc","ftp://birice.vaisala.com","Clarus","xml4clarus"
69,0,50,63,300,"USA/WV","clarus.cs.ascii.CsvSvc","ftp://www.clarus-system.com","ClarusWV","sycamoreTree"
70,0,59,110,1200,"CAN/NS","clarus.cs.xml.XmlSvc","ftp://ftp.nimbus.amecweather.net","mixonhill","Clarus2011"
71,0,70,116,1200,"CAN/NS/ParksCanada","clarus.cs.xml.XmlSvc","ftp://ftp.nimbus.amecweather.net","mixonhill","Clarus2011"
72,0,51,60,900,"USA/WI","clarus.cs.ascii.CsvSvc","http://50.17.222.248/","Clarus","thayUf3p"
73,0,51,600,900,"USA/WI","clarus.cs.ascii.CsvSvc","http://50.17.222.248/","Clarus","thayUf3p"
74,1,2,7,300,"USA/MN/mobile","clarus.cs.ascii.CsvSvc","http://clarus-qeds/","",""
75,1,31,80,600,"USA/NV/mobile","clarus.cs.ascii.CsvSvc","http://134.197.27.248:8001/","",""
76,0,34,150,300,"USA/NM/Xml","clarus.cs.xml.XmlSvc","ftp://birice.vaisala.com","Clarus","xml4clarus"
77,1,33,188,300,"USA/NJ/Xml","clarus.cs.xml.XmlSvc","ftp://birice.vaisala.com","Clarus","xml4clarus"
2602,1,26,300,300,"USA/MI/mobile","clarus.cs.ascii.CsvSvc","http://clarus-qeds/","",""
