ALTER SEQUENCE meta.sensor_id_seq RESTART WITH 102001;
INSERT INTO meta.sensor (sourceid,staticid,updatetime,platformid,sensorindex,obstypeid,qchparmid,distgroup) VALUES (1,96923,'2013-05-01 00:00:00',6201,0,575,3,2);
INSERT INTO meta.sensor (sourceid,staticid,updatetime,platformid,sensorindex,obstypeid,qchparmid,distgroup) VALUES (1,96924,'2013-05-01 00:00:00',6201,0,581,7,2);
INSERT INTO meta.sensor (sourceid,staticid,updatetime,platformid,sensorindex,obstypeid,qchparmid,distgroup) VALUES (1,96925,'2013-05-01 00:00:00',6201,1,5733,9,2);
INSERT INTO meta.sensor (sourceid,staticid,updatetime,platformid,sensorindex,obstypeid,qchparmid,distgroup) VALUES (1,96926,'2013-05-01 00:00:00',6201,1,51137,13,2);
INSERT INTO meta.sensor (sourceid,staticid,updatetime,platformid,sensorindex,obstypeid,qchparmid,distgroup) VALUES (1,96927,'2013-05-01 00:00:00',6201,1,51138,15,2);
INSERT INTO meta.sensor (sourceid,staticid,updatetime,platformid,sensorindex,obstypeid,qchparmid,distgroup) VALUES (1,96928,'2013-05-01 00:00:00',6201,1,51165,16,2);
INSERT INTO meta.sensor (sourceid,staticid,updatetime,platformid,sensorindex,obstypeid,qchparmid,distgroup) VALUES (1,96929,'2013-05-01 00:00:00',6201,1,511313,18,2);
INSERT INTO meta.sensor (sourceid,staticid,updatetime,platformid,sensorindex,obstypeid,qchparmid,distgroup) VALUES (1,96930,'2013-05-01 00:00:00',6201,0,56104,75,2);
INSERT INTO meta.sensor (sourceid,staticid,updatetime,platformid,sensorindex,obstypeid,qchparmid,distgroup) VALUES (1,96931,'2013-05-01 00:00:00',6201,0,56105,77,2);
INSERT INTO meta.sensor (sourceid,staticid,updatetime,platformid,sensorindex,obstypeid,qchparmid,distgroup) VALUES (1,96932,'2013-05-01 00:00:00',6201,0,56108,79,2);
INSERT INTO meta.sensor (sourceid,staticid,updatetime,platformid,sensorindex,obstypeid,qchparmid,distgroup) VALUES (1,96933,'2013-05-01 00:00:00',6201,1,51139,87,2);
INSERT INTO meta.sensor (sourceid,staticid,updatetime,platformid,sensorindex,obstypeid,qchparmid,distgroup) VALUES (1,96934,'2013-05-01 00:00:00',6201,0,586,264,2);
INSERT INTO meta.sensor (sourceid,staticid,updatetime,platformid,sensorindex,obstypeid,qchparmid,distgroup) VALUES (1,96935,'2013-05-01 00:00:00',6201,0,589,426,2);
INSERT INTO meta.sensor (sourceid,staticid,updatetime,platformid,sensorindex,obstypeid,qchparmid,distgroup) VALUES (1,96936,'2013-05-01 00:00:00',6201,0,56106,233,2);
INSERT INTO meta.sensor (sourceid,staticid,updatetime,platformid,sensorindex,obstypeid,qchparmid,distgroup) VALUES (1,96937,'2013-05-01 00:00:00',6201,0,56107,234,2);
INSERT INTO meta.sensor (sourceid,staticid,updatetime,platformid,sensorindex,obstypeid,qchparmid,distgroup) VALUES (1,96938,'2013-05-01 00:00:00',6201,0,56109,81,2);
INSERT INTO meta.sensor (sourceid,staticid,updatetime,platformid,sensorindex,obstypeid,qchparmid,distgroup) VALUES (1,96939,'2013-05-01 00:00:00',6201,0,206,329,2);
INSERT INTO meta.sensor (sourceid,staticid,updatetime,platformid,sensorindex,obstypeid,qchparmid,distgroup) VALUES (1,96940,'2013-05-01 00:00:00',6201,0,207,328,2);
INSERT INTO meta.sensor (sourceid,staticid,updatetime,platformid,sensorindex,obstypeid,qchparmid,distgroup) VALUES (1,96941,'2013-05-01 00:00:00',6201,0,583,396,2);
INSERT INTO meta.sensor (sourceid,staticid,updatetime,platformid,sensorindex,obstypeid,qchparmid,distgroup) VALUES (1,96942,'2013-05-01 00:00:00',6201,0,586,319,2);
INSERT INTO meta.sensor (sourceid,staticid,updatetime,platformid,sensorindex,obstypeid,qchparmid,distgroup) VALUES (1,96943,'2013-05-01 00:00:00',6201,0,587,318,2);
INSERT INTO meta.sensor (sourceid,staticid,updatetime,platformid,sensorindex,obstypeid,qchparmid,distgroup) VALUES (1,96944,'2013-05-01 00:00:00',6201,0,588,395,2);
INSERT INTO meta.sensor (sourceid,staticid,updatetime,platformid,sensorindex,obstypeid,qchparmid,distgroup) VALUES (1,96945,'2013-05-01 00:00:00',6201,0,589,320,2);
INSERT INTO meta.sensor (sourceid,staticid,updatetime,platformid,sensorindex,obstypeid,qchparmid,distgroup) VALUES (1,96946,'2013-05-01 00:00:00',6201,0,5101,272,2);
INSERT INTO meta.sensor (sourceid,staticid,updatetime,platformid,sensorindex,obstypeid,qchparmid,distgroup) VALUES (1,96947,'2013-05-01 00:00:00',6201,0,5102,394,2);
INSERT INTO meta.sensor (sourceid,staticid,updatetime,platformid,sensorindex,obstypeid,qchparmid,distgroup) VALUES (1,96948,'2013-05-01 00:00:00',6201,0,5810,397,2);
INSERT INTO meta.sensor (sourceid,staticid,updatetime,platformid,sensorindex,obstypeid,qchparmid,distgroup) VALUES (1,96949,'2013-05-01 00:00:00',6201,0,5811,321,2);
INSERT INTO meta.sensor (sourceid,staticid,updatetime,platformid,sensorindex,obstypeid,qchparmid,distgroup) VALUES (1,96950,'2013-05-01 00:00:00',6201,0,5812,322,2);
INSERT INTO meta.sensor (sourceid,staticid,updatetime,platformid,sensorindex,obstypeid,qchparmid,distgroup) VALUES (1,96951,'2013-05-01 00:00:00',6201,0,5813,323,2);
INSERT INTO meta.sensor (sourceid,staticid,updatetime,platformid,sensorindex,obstypeid,qchparmid,distgroup) VALUES (1,96952,'2013-05-01 00:00:00',6201,0,5814,324,2);
INSERT INTO meta.sensor (sourceid,staticid,updatetime,platformid,sensorindex,obstypeid,qchparmid,distgroup) VALUES (1,96953,'2013-05-01 00:00:00',6201,0,5815,325,2);
INSERT INTO meta.sensor (sourceid,staticid,updatetime,platformid,sensorindex,obstypeid,qchparmid,distgroup) VALUES (1,96954,'2013-05-01 00:00:00',6201,0,5816,326,2);
INSERT INTO meta.sensor (sourceid,staticid,updatetime,platformid,sensorindex,obstypeid,qchparmid,distgroup) VALUES (1,96955,'2013-05-01 00:00:00',6201,0,5817,327,2);
INSERT INTO meta.sensor (sourceid,staticid,updatetime,platformid,sensorindex,obstypeid,qchparmid,distgroup) VALUES (1,96956,'2013-05-01 00:00:00',6202,0,575,3,2);
INSERT INTO meta.sensor (sourceid,staticid,updatetime,platformid,sensorindex,obstypeid,qchparmid,distgroup) VALUES (1,96957,'2013-05-01 00:00:00',6202,0,581,7,2);
INSERT INTO meta.sensor (sourceid,staticid,updatetime,platformid,sensorindex,obstypeid,qchparmid,distgroup) VALUES (1,96958,'2013-05-01 00:00:00',6202,1,5733,9,2);
INSERT INTO meta.sensor (sourceid,staticid,updatetime,platformid,sensorindex,obstypeid,qchparmid,distgroup) VALUES (1,96959,'2013-05-01 00:00:00',6202,1,51137,13,2);
INSERT INTO meta.sensor (sourceid,staticid,updatetime,platformid,sensorindex,obstypeid,qchparmid,distgroup) VALUES (1,96960,'2013-05-01 00:00:00',6202,2,51137,13,2);
INSERT INTO meta.sensor (sourceid,staticid,updatetime,platformid,sensorindex,obstypeid,qchparmid,distgroup) VALUES (1,96961,'2013-05-01 00:00:00',6202,3,51137,13,2);
INSERT INTO meta.sensor (sourceid,staticid,updatetime,platformid,sensorindex,obstypeid,qchparmid,distgroup) VALUES (1,96962,'2013-05-01 00:00:00',6202,4,51137,13,2);
INSERT INTO meta.sensor (sourceid,staticid,updatetime,platformid,sensorindex,obstypeid,qchparmid,distgroup) VALUES (1,96963,'2013-05-01 00:00:00',6202,1,51138,15,2);
INSERT INTO meta.sensor (sourceid,staticid,updatetime,platformid,sensorindex,obstypeid,qchparmid,distgroup) VALUES (1,96964,'2013-05-01 00:00:00',6202,2,51138,15,2);
INSERT INTO meta.sensor (sourceid,staticid,updatetime,platformid,sensorindex,obstypeid,qchparmid,distgroup) VALUES (1,96965,'2013-05-01 00:00:00',6202,3,51138,15,2);
INSERT INTO meta.sensor (sourceid,staticid,updatetime,platformid,sensorindex,obstypeid,qchparmid,distgroup) VALUES (1,96966,'2013-05-01 00:00:00',6202,4,51138,15,2);
INSERT INTO meta.sensor (sourceid,staticid,updatetime,platformid,sensorindex,obstypeid,qchparmid,distgroup) VALUES (1,96967,'2013-05-01 00:00:00',6202,1,51165,16,2);
INSERT INTO meta.sensor (sourceid,staticid,updatetime,platformid,sensorindex,obstypeid,qchparmid,distgroup) VALUES (1,96968,'2013-05-01 00:00:00',6202,1,511313,18,2);
INSERT INTO meta.sensor (sourceid,staticid,updatetime,platformid,sensorindex,obstypeid,qchparmid,distgroup) VALUES (1,96969,'2013-05-01 00:00:00',6202,2,511313,18,2);
INSERT INTO meta.sensor (sourceid,staticid,updatetime,platformid,sensorindex,obstypeid,qchparmid,distgroup) VALUES (1,96970,'2013-05-01 00:00:00',6202,3,511313,18,2);
INSERT INTO meta.sensor (sourceid,staticid,updatetime,platformid,sensorindex,obstypeid,qchparmid,distgroup) VALUES (1,96971,'2013-05-01 00:00:00',6202,4,511313,18,2);
INSERT INTO meta.sensor (sourceid,staticid,updatetime,platformid,sensorindex,obstypeid,qchparmid,distgroup) VALUES (1,96972,'2013-05-01 00:00:00',6202,0,56104,75,2);
INSERT INTO meta.sensor (sourceid,staticid,updatetime,platformid,sensorindex,obstypeid,qchparmid,distgroup) VALUES (1,96973,'2013-05-01 00:00:00',6202,0,56105,77,2);
INSERT INTO meta.sensor (sourceid,staticid,updatetime,platformid,sensorindex,obstypeid,qchparmid,distgroup) VALUES (1,96974,'2013-05-01 00:00:00',6202,0,56108,79,2);
INSERT INTO meta.sensor (sourceid,staticid,updatetime,platformid,sensorindex,obstypeid,qchparmid,distgroup) VALUES (1,96975,'2013-05-01 00:00:00',6202,1,51139,87,2);
INSERT INTO meta.sensor (sourceid,staticid,updatetime,platformid,sensorindex,obstypeid,qchparmid,distgroup) VALUES (1,96976,'2013-05-01 00:00:00',6202,2,51139,87,2);
INSERT INTO meta.sensor (sourceid,staticid,updatetime,platformid,sensorindex,obstypeid,qchparmid,distgroup) VALUES (1,96977,'2013-05-01 00:00:00',6202,3,51139,87,2);
INSERT INTO meta.sensor (sourceid,staticid,updatetime,platformid,sensorindex,obstypeid,qchparmid,distgroup) VALUES (1,96978,'2013-05-01 00:00:00',6202,4,51139,87,2);
INSERT INTO meta.sensor (sourceid,staticid,updatetime,platformid,sensorindex,obstypeid,qchparmid,distgroup) VALUES (1,96979,'2013-05-01 00:00:00',6202,0,586,264,2);
INSERT INTO meta.sensor (sourceid,staticid,updatetime,platformid,sensorindex,obstypeid,qchparmid,distgroup) VALUES (1,96980,'2013-05-01 00:00:00',6202,0,589,426,2);
INSERT INTO meta.sensor (sourceid,staticid,updatetime,platformid,sensorindex,obstypeid,qchparmid,distgroup) VALUES (1,96981,'2013-05-01 00:00:00',6202,0,56106,233,2);
INSERT INTO meta.sensor (sourceid,staticid,updatetime,platformid,sensorindex,obstypeid,qchparmid,distgroup) VALUES (1,96982,'2013-05-01 00:00:00',6202,0,56107,234,2);
INSERT INTO meta.sensor (sourceid,staticid,updatetime,platformid,sensorindex,obstypeid,qchparmid,distgroup) VALUES (1,96983,'2013-05-01 00:00:00',6202,0,56109,81,2);
INSERT INTO meta.sensor (sourceid,staticid,updatetime,platformid,sensorindex,obstypeid,qchparmid,distgroup) VALUES (1,96984,'2013-05-01 00:00:00',6203,0,575,3,2);
INSERT INTO meta.sensor (sourceid,staticid,updatetime,platformid,sensorindex,obstypeid,qchparmid,distgroup) VALUES (1,96985,'2013-05-01 00:00:00',6203,0,581,7,2);
INSERT INTO meta.sensor (sourceid,staticid,updatetime,platformid,sensorindex,obstypeid,qchparmid,distgroup) VALUES (1,96986,'2013-05-01 00:00:00',6203,1,5733,9,2);
INSERT INTO meta.sensor (sourceid,staticid,updatetime,platformid,sensorindex,obstypeid,qchparmid,distgroup) VALUES (1,96987,'2013-05-01 00:00:00',6203,1,51137,13,2);
INSERT INTO meta.sensor (sourceid,staticid,updatetime,platformid,sensorindex,obstypeid,qchparmid,distgroup) VALUES (1,96988,'2013-05-01 00:00:00',6203,2,51137,13,2);
INSERT INTO meta.sensor (sourceid,staticid,updatetime,platformid,sensorindex,obstypeid,qchparmid,distgroup) VALUES (1,96989,'2013-05-01 00:00:00',6203,3,51137,13,2);
INSERT INTO meta.sensor (sourceid,staticid,updatetime,platformid,sensorindex,obstypeid,qchparmid,distgroup) VALUES (1,96990,'2013-05-01 00:00:00',6203,4,51137,13,2);
INSERT INTO meta.sensor (sourceid,staticid,updatetime,platformid,sensorindex,obstypeid,qchparmid,distgroup) VALUES (1,96991,'2013-05-01 00:00:00',6203,1,51138,15,2);
INSERT INTO meta.sensor (sourceid,staticid,updatetime,platformid,sensorindex,obstypeid,qchparmid,distgroup) VALUES (1,96992,'2013-05-01 00:00:00',6203,2,51138,15,2);
INSERT INTO meta.sensor (sourceid,staticid,updatetime,platformid,sensorindex,obstypeid,qchparmid,distgroup) VALUES (1,96993,'2013-05-01 00:00:00',6203,3,51138,15,2);
INSERT INTO meta.sensor (sourceid,staticid,updatetime,platformid,sensorindex,obstypeid,qchparmid,distgroup) VALUES (1,96994,'2013-05-01 00:00:00',6203,4,51138,15,2);
INSERT INTO meta.sensor (sourceid,staticid,updatetime,platformid,sensorindex,obstypeid,qchparmid,distgroup) VALUES (1,96995,'2013-05-01 00:00:00',6203,1,51165,16,2);
INSERT INTO meta.sensor (sourceid,staticid,updatetime,platformid,sensorindex,obstypeid,qchparmid,distgroup) VALUES (1,96996,'2013-05-01 00:00:00',6203,1,511313,18,2);
INSERT INTO meta.sensor (sourceid,staticid,updatetime,platformid,sensorindex,obstypeid,qchparmid,distgroup) VALUES (1,96997,'2013-05-01 00:00:00',6203,2,511313,18,2);
INSERT INTO meta.sensor (sourceid,staticid,updatetime,platformid,sensorindex,obstypeid,qchparmid,distgroup) VALUES (1,96998,'2013-05-01 00:00:00',6203,3,511313,18,2);
INSERT INTO meta.sensor (sourceid,staticid,updatetime,platformid,sensorindex,obstypeid,qchparmid,distgroup) VALUES (1,96999,'2013-05-01 00:00:00',6203,4,511313,18,2);
INSERT INTO meta.sensor (sourceid,staticid,updatetime,platformid,sensorindex,obstypeid,qchparmid,distgroup) VALUES (1,97000,'2013-05-01 00:00:00',6203,0,56104,75,2);
INSERT INTO meta.sensor (sourceid,staticid,updatetime,platformid,sensorindex,obstypeid,qchparmid,distgroup) VALUES (1,97001,'2013-05-01 00:00:00',6203,0,56105,77,2);
INSERT INTO meta.sensor (sourceid,staticid,updatetime,platformid,sensorindex,obstypeid,qchparmid,distgroup) VALUES (1,97002,'2013-05-01 00:00:00',6203,0,56108,79,2);
INSERT INTO meta.sensor (sourceid,staticid,updatetime,platformid,sensorindex,obstypeid,qchparmid,distgroup) VALUES (1,97003,'2013-05-01 00:00:00',6203,1,51139,87,2);
INSERT INTO meta.sensor (sourceid,staticid,updatetime,platformid,sensorindex,obstypeid,qchparmid,distgroup) VALUES (1,97004,'2013-05-01 00:00:00',6203,2,51139,87,2);
INSERT INTO meta.sensor (sourceid,staticid,updatetime,platformid,sensorindex,obstypeid,qchparmid,distgroup) VALUES (1,97005,'2013-05-01 00:00:00',6203,3,51139,87,2);
INSERT INTO meta.sensor (sourceid,staticid,updatetime,platformid,sensorindex,obstypeid,qchparmid,distgroup) VALUES (1,97006,'2013-05-01 00:00:00',6203,4,51139,87,2);
INSERT INTO meta.sensor (sourceid,staticid,updatetime,platformid,sensorindex,obstypeid,qchparmid,distgroup) VALUES (1,97007,'2013-05-01 00:00:00',6203,0,586,264,2);
INSERT INTO meta.sensor (sourceid,staticid,updatetime,platformid,sensorindex,obstypeid,qchparmid,distgroup) VALUES (1,97008,'2013-05-01 00:00:00',6203,0,589,426,2);
INSERT INTO meta.sensor (sourceid,staticid,updatetime,platformid,sensorindex,obstypeid,qchparmid,distgroup) VALUES (1,97009,'2013-05-01 00:00:00',6203,0,56106,233,2);
INSERT INTO meta.sensor (sourceid,staticid,updatetime,platformid,sensorindex,obstypeid,qchparmid,distgroup) VALUES (1,97010,'2013-05-01 00:00:00',6203,0,56107,234,2);
INSERT INTO meta.sensor (sourceid,staticid,updatetime,platformid,sensorindex,obstypeid,qchparmid,distgroup) VALUES (1,97011,'2013-05-01 00:00:00',6203,0,56109,81,2);
INSERT INTO meta.sensor (sourceid,staticid,updatetime,platformid,sensorindex,obstypeid,qchparmid,distgroup) VALUES (1,97012,'2013-05-01 00:00:00',6204,0,574,1,2);
INSERT INTO meta.sensor (sourceid,staticid,updatetime,platformid,sensorindex,obstypeid,qchparmid,distgroup) VALUES (1,97013,'2013-05-01 00:00:00',6204,0,575,3,2);
INSERT INTO meta.sensor (sourceid,staticid,updatetime,platformid,sensorindex,obstypeid,qchparmid,distgroup) VALUES (1,97014,'2013-05-01 00:00:00',6204,1,576,4,2);
INSERT INTO meta.sensor (sourceid,staticid,updatetime,platformid,sensorindex,obstypeid,qchparmid,distgroup) VALUES (1,97015,'2013-05-01 00:00:00',6204,1,577,5,2);
INSERT INTO meta.sensor (sourceid,staticid,updatetime,platformid,sensorindex,obstypeid,qchparmid,distgroup) VALUES (1,97016,'2013-05-01 00:00:00',6204,0,581,7,2);
INSERT INTO meta.sensor (sourceid,staticid,updatetime,platformid,sensorindex,obstypeid,qchparmid,distgroup) VALUES (1,97017,'2013-05-01 00:00:00',6204,1,5733,9,2);
INSERT INTO meta.sensor (sourceid,staticid,updatetime,platformid,sensorindex,obstypeid,qchparmid,distgroup) VALUES (1,97018,'2013-05-01 00:00:00',6204,1,51137,13,2);
INSERT INTO meta.sensor (sourceid,staticid,updatetime,platformid,sensorindex,obstypeid,qchparmid,distgroup) VALUES (1,97019,'2013-05-01 00:00:00',6204,2,51137,13,2);
INSERT INTO meta.sensor (sourceid,staticid,updatetime,platformid,sensorindex,obstypeid,qchparmid,distgroup) VALUES (1,97020,'2013-05-01 00:00:00',6204,3,51137,13,2);
INSERT INTO meta.sensor (sourceid,staticid,updatetime,platformid,sensorindex,obstypeid,qchparmid,distgroup) VALUES (1,97021,'2013-05-01 00:00:00',6204,4,51137,13,2);
INSERT INTO meta.sensor (sourceid,staticid,updatetime,platformid,sensorindex,obstypeid,qchparmid,distgroup) VALUES (1,97022,'2013-05-01 00:00:00',6204,1,51138,15,2);
INSERT INTO meta.sensor (sourceid,staticid,updatetime,platformid,sensorindex,obstypeid,qchparmid,distgroup) VALUES (1,97023,'2013-05-01 00:00:00',6204,2,51138,15,2);
INSERT INTO meta.sensor (sourceid,staticid,updatetime,platformid,sensorindex,obstypeid,qchparmid,distgroup) VALUES (1,97024,'2013-05-01 00:00:00',6204,3,51138,15,2);
INSERT INTO meta.sensor (sourceid,staticid,updatetime,platformid,sensorindex,obstypeid,qchparmid,distgroup) VALUES (1,97025,'2013-05-01 00:00:00',6204,4,51138,15,2);
INSERT INTO meta.sensor (sourceid,staticid,updatetime,platformid,sensorindex,obstypeid,qchparmid,distgroup) VALUES (1,97026,'2013-05-01 00:00:00',6204,1,51165,16,2);
INSERT INTO meta.sensor (sourceid,staticid,updatetime,platformid,sensorindex,obstypeid,qchparmid,distgroup) VALUES (1,97027,'2013-05-01 00:00:00',6204,1,511313,18,2);
INSERT INTO meta.sensor (sourceid,staticid,updatetime,platformid,sensorindex,obstypeid,qchparmid,distgroup) VALUES (1,97028,'2013-05-01 00:00:00',6204,2,511313,18,2);
INSERT INTO meta.sensor (sourceid,staticid,updatetime,platformid,sensorindex,obstypeid,qchparmid,distgroup) VALUES (1,97029,'2013-05-01 00:00:00',6204,3,511313,18,2);
INSERT INTO meta.sensor (sourceid,staticid,updatetime,platformid,sensorindex,obstypeid,qchparmid,distgroup) VALUES (1,97030,'2013-05-01 00:00:00',6204,4,511313,18,2);
INSERT INTO meta.sensor (sourceid,staticid,updatetime,platformid,sensorindex,obstypeid,qchparmid,distgroup) VALUES (1,97031,'2013-05-01 00:00:00',6204,0,56104,75,2);
INSERT INTO meta.sensor (sourceid,staticid,updatetime,platformid,sensorindex,obstypeid,qchparmid,distgroup) VALUES (1,97032,'2013-05-01 00:00:00',6204,0,56105,77,2);
INSERT INTO meta.sensor (sourceid,staticid,updatetime,platformid,sensorindex,obstypeid,qchparmid,distgroup) VALUES (1,97033,'2013-05-01 00:00:00',6204,0,56108,79,2);
INSERT INTO meta.sensor (sourceid,staticid,updatetime,platformid,sensorindex,obstypeid,qchparmid,distgroup) VALUES (1,97034,'2013-05-01 00:00:00',6204,0,56109,81,2);
INSERT INTO meta.sensor (sourceid,staticid,updatetime,platformid,sensorindex,obstypeid,qchparmid,distgroup) VALUES (1,97035,'2013-05-01 00:00:00',6204,1,51139,87,2);
INSERT INTO meta.sensor (sourceid,staticid,updatetime,platformid,sensorindex,obstypeid,qchparmid,distgroup) VALUES (1,97036,'2013-05-01 00:00:00',6204,2,51139,87,2);
INSERT INTO meta.sensor (sourceid,staticid,updatetime,platformid,sensorindex,obstypeid,qchparmid,distgroup) VALUES (1,97037,'2013-05-01 00:00:00',6204,3,51139,87,2);
INSERT INTO meta.sensor (sourceid,staticid,updatetime,platformid,sensorindex,obstypeid,qchparmid,distgroup) VALUES (1,97038,'2013-05-01 00:00:00',6204,4,51139,87,2);
INSERT INTO meta.sensor (sourceid,staticid,updatetime,platformid,sensorindex,obstypeid,qchparmid,distgroup) VALUES (1,97039,'2013-05-01 00:00:00',6204,0,587,98,2);
INSERT INTO meta.sensor (sourceid,staticid,updatetime,platformid,sensorindex,obstypeid,qchparmid,distgroup) VALUES (1,97040,'2013-05-01 00:00:00',6204,0,5811,102,2);
INSERT INTO meta.sensor (sourceid,staticid,updatetime,platformid,sensorindex,obstypeid,qchparmid,distgroup) VALUES (1,97041,'2013-05-01 00:00:00',6204,0,5812,103,2);
INSERT INTO meta.sensor (sourceid,staticid,updatetime,platformid,sensorindex,obstypeid,qchparmid,distgroup) VALUES (1,97042,'2013-05-01 00:00:00',6204,0,5813,104,2);
INSERT INTO meta.sensor (sourceid,staticid,updatetime,platformid,sensorindex,obstypeid,qchparmid,distgroup) VALUES (1,97043,'2013-05-01 00:00:00',6204,0,5814,105,2);
INSERT INTO meta.sensor (sourceid,staticid,updatetime,platformid,sensorindex,obstypeid,qchparmid,distgroup) VALUES (1,97044,'2013-05-01 00:00:00',6204,0,5815,106,2);
INSERT INTO meta.sensor (sourceid,staticid,updatetime,platformid,sensorindex,obstypeid,qchparmid,distgroup) VALUES (1,97045,'2013-05-01 00:00:00',6204,0,5816,107,2);
INSERT INTO meta.sensor (sourceid,staticid,updatetime,platformid,sensorindex,obstypeid,qchparmid,distgroup) VALUES (1,97046,'2013-05-01 00:00:00',6204,0,5817,109,2);
INSERT INTO meta.sensor (sourceid,staticid,updatetime,platformid,sensorindex,obstypeid,qchparmid,distgroup) VALUES (1,97047,'2013-05-01 00:00:00',6204,0,554,304,2);
INSERT INTO meta.sensor (sourceid,staticid,updatetime,platformid,sensorindex,obstypeid,qchparmid,distgroup) VALUES (1,97048,'2013-05-01 00:00:00',6204,0,586,264,2);
INSERT INTO meta.sensor (sourceid,staticid,updatetime,platformid,sensorindex,obstypeid,qchparmid,distgroup) VALUES (1,97049,'2013-05-01 00:00:00',6204,0,5102,293,2);
INSERT INTO meta.sensor (sourceid,staticid,updatetime,platformid,sensorindex,obstypeid,qchparmid,distgroup) VALUES (1,97050,'2013-05-01 00:00:00',6204,0,589,426,2);
INSERT INTO meta.sensor (sourceid,staticid,updatetime,platformid,sensorindex,obstypeid,qchparmid,distgroup) VALUES (1,97051,'2013-05-01 00:00:00',6204,0,56106,233,2);
INSERT INTO meta.sensor (sourceid,staticid,updatetime,platformid,sensorindex,obstypeid,qchparmid,distgroup) VALUES (1,97052,'2013-05-01 00:00:00',6204,0,56107,234,2);
INSERT INTO meta.sensor (sourceid,staticid,updatetime,platformid,sensorindex,obstypeid,qchparmid,distgroup) VALUES (1,97053,'2013-05-01 00:00:00',6205,0,575,3,2);
INSERT INTO meta.sensor (sourceid,staticid,updatetime,platformid,sensorindex,obstypeid,qchparmid,distgroup) VALUES (1,97054,'2013-05-01 00:00:00',6205,0,581,7,2);
INSERT INTO meta.sensor (sourceid,staticid,updatetime,platformid,sensorindex,obstypeid,qchparmid,distgroup) VALUES (1,97055,'2013-05-01 00:00:00',6205,1,5733,9,2);
INSERT INTO meta.sensor (sourceid,staticid,updatetime,platformid,sensorindex,obstypeid,qchparmid,distgroup) VALUES (1,97056,'2013-05-01 00:00:00',6205,1,51137,13,2);
INSERT INTO meta.sensor (sourceid,staticid,updatetime,platformid,sensorindex,obstypeid,qchparmid,distgroup) VALUES (1,97057,'2013-05-01 00:00:00',6205,2,51137,13,2);
INSERT INTO meta.sensor (sourceid,staticid,updatetime,platformid,sensorindex,obstypeid,qchparmid,distgroup) VALUES (1,97058,'2013-05-01 00:00:00',6205,3,51137,13,2);
INSERT INTO meta.sensor (sourceid,staticid,updatetime,platformid,sensorindex,obstypeid,qchparmid,distgroup) VALUES (1,97059,'2013-05-01 00:00:00',6205,4,51137,13,2);
INSERT INTO meta.sensor (sourceid,staticid,updatetime,platformid,sensorindex,obstypeid,qchparmid,distgroup) VALUES (1,97060,'2013-05-01 00:00:00',6205,1,51138,15,2);
INSERT INTO meta.sensor (sourceid,staticid,updatetime,platformid,sensorindex,obstypeid,qchparmid,distgroup) VALUES (1,97061,'2013-05-01 00:00:00',6205,2,51138,15,2);
INSERT INTO meta.sensor (sourceid,staticid,updatetime,platformid,sensorindex,obstypeid,qchparmid,distgroup) VALUES (1,97062,'2013-05-01 00:00:00',6205,3,51138,15,2);
INSERT INTO meta.sensor (sourceid,staticid,updatetime,platformid,sensorindex,obstypeid,qchparmid,distgroup) VALUES (1,97063,'2013-05-01 00:00:00',6205,4,51138,15,2);
INSERT INTO meta.sensor (sourceid,staticid,updatetime,platformid,sensorindex,obstypeid,qchparmid,distgroup) VALUES (1,97064,'2013-05-01 00:00:00',6205,1,51165,16,2);
INSERT INTO meta.sensor (sourceid,staticid,updatetime,platformid,sensorindex,obstypeid,qchparmid,distgroup) VALUES (1,97065,'2013-05-01 00:00:00',6205,1,511313,18,2);
INSERT INTO meta.sensor (sourceid,staticid,updatetime,platformid,sensorindex,obstypeid,qchparmid,distgroup) VALUES (1,97066,'2013-05-01 00:00:00',6205,2,511313,18,2);
INSERT INTO meta.sensor (sourceid,staticid,updatetime,platformid,sensorindex,obstypeid,qchparmid,distgroup) VALUES (1,97067,'2013-05-01 00:00:00',6205,3,511313,18,2);
INSERT INTO meta.sensor (sourceid,staticid,updatetime,platformid,sensorindex,obstypeid,qchparmid,distgroup) VALUES (1,97068,'2013-05-01 00:00:00',6205,4,511313,18,2);
INSERT INTO meta.sensor (sourceid,staticid,updatetime,platformid,sensorindex,obstypeid,qchparmid,distgroup) VALUES (1,97069,'2013-05-01 00:00:00',6205,0,56104,75,2);
INSERT INTO meta.sensor (sourceid,staticid,updatetime,platformid,sensorindex,obstypeid,qchparmid,distgroup) VALUES (1,97070,'2013-05-01 00:00:00',6205,0,56105,77,2);
INSERT INTO meta.sensor (sourceid,staticid,updatetime,platformid,sensorindex,obstypeid,qchparmid,distgroup) VALUES (1,97071,'2013-05-01 00:00:00',6205,0,56108,79,2);
INSERT INTO meta.sensor (sourceid,staticid,updatetime,platformid,sensorindex,obstypeid,qchparmid,distgroup) VALUES (1,97072,'2013-05-01 00:00:00',6205,1,51139,87,2);
INSERT INTO meta.sensor (sourceid,staticid,updatetime,platformid,sensorindex,obstypeid,qchparmid,distgroup) VALUES (1,97073,'2013-05-01 00:00:00',6205,2,51139,87,2);
INSERT INTO meta.sensor (sourceid,staticid,updatetime,platformid,sensorindex,obstypeid,qchparmid,distgroup) VALUES (1,97074,'2013-05-01 00:00:00',6205,3,51139,87,2);
INSERT INTO meta.sensor (sourceid,staticid,updatetime,platformid,sensorindex,obstypeid,qchparmid,distgroup) VALUES (1,97075,'2013-05-01 00:00:00',6205,4,51139,87,2);
INSERT INTO meta.sensor (sourceid,staticid,updatetime,platformid,sensorindex,obstypeid,qchparmid,distgroup) VALUES (1,97076,'2013-05-01 00:00:00',6205,0,586,264,2);
INSERT INTO meta.sensor (sourceid,staticid,updatetime,platformid,sensorindex,obstypeid,qchparmid,distgroup) VALUES (1,97077,'2013-05-01 00:00:00',6205,0,589,426,2);
INSERT INTO meta.sensor (sourceid,staticid,updatetime,platformid,sensorindex,obstypeid,qchparmid,distgroup) VALUES (1,97078,'2013-05-01 00:00:00',6205,0,56106,233,2);
INSERT INTO meta.sensor (sourceid,staticid,updatetime,platformid,sensorindex,obstypeid,qchparmid,distgroup) VALUES (1,97079,'2013-05-01 00:00:00',6205,0,56107,234,2);
INSERT INTO meta.sensor (sourceid,staticid,updatetime,platformid,sensorindex,obstypeid,qchparmid,distgroup) VALUES (1,97080,'2013-05-01 00:00:00',6205,0,56109,81,2);
INSERT INTO meta.sensor (sourceid,staticid,updatetime,platformid,sensorindex,obstypeid,qchparmid,distgroup) VALUES (1,97081,'2013-05-01 00:00:00',6206,0,56106,233,2);
INSERT INTO meta.sensor (sourceid,staticid,updatetime,platformid,sensorindex,obstypeid,qchparmid,distgroup) VALUES (1,97082,'2013-05-01 00:00:00',6206,0,575,3,2);
INSERT INTO meta.sensor (sourceid,staticid,updatetime,platformid,sensorindex,obstypeid,qchparmid,distgroup) VALUES (1,97083,'2013-05-01 00:00:00',6206,0,581,7,2);
INSERT INTO meta.sensor (sourceid,staticid,updatetime,platformid,sensorindex,obstypeid,qchparmid,distgroup) VALUES (1,97084,'2013-05-01 00:00:00',6206,0,586,264,2);
INSERT INTO meta.sensor (sourceid,staticid,updatetime,platformid,sensorindex,obstypeid,qchparmid,distgroup) VALUES (1,97085,'2013-05-01 00:00:00',6206,1,5733,9,2);
INSERT INTO meta.sensor (sourceid,staticid,updatetime,platformid,sensorindex,obstypeid,qchparmid,distgroup) VALUES (1,97086,'2013-05-01 00:00:00',6206,1,51137,13,2);
INSERT INTO meta.sensor (sourceid,staticid,updatetime,platformid,sensorindex,obstypeid,qchparmid,distgroup) VALUES (1,97087,'2013-05-01 00:00:00',6206,2,51137,13,2);
INSERT INTO meta.sensor (sourceid,staticid,updatetime,platformid,sensorindex,obstypeid,qchparmid,distgroup) VALUES (1,97088,'2013-05-01 00:00:00',6206,1,51138,15,2);
INSERT INTO meta.sensor (sourceid,staticid,updatetime,platformid,sensorindex,obstypeid,qchparmid,distgroup) VALUES (1,97089,'2013-05-01 00:00:00',6206,2,51138,15,2);
INSERT INTO meta.sensor (sourceid,staticid,updatetime,platformid,sensorindex,obstypeid,qchparmid,distgroup) VALUES (1,97090,'2013-05-01 00:00:00',6206,1,51139,419,2);
INSERT INTO meta.sensor (sourceid,staticid,updatetime,platformid,sensorindex,obstypeid,qchparmid,distgroup) VALUES (1,97091,'2013-05-01 00:00:00',6206,2,51139,419,2);
INSERT INTO meta.sensor (sourceid,staticid,updatetime,platformid,sensorindex,obstypeid,qchparmid,distgroup) VALUES (1,97092,'2013-05-01 00:00:00',6206,1,51165,16,2);
INSERT INTO meta.sensor (sourceid,staticid,updatetime,platformid,sensorindex,obstypeid,qchparmid,distgroup) VALUES (1,97093,'2013-05-01 00:00:00',6206,0,56104,75,2);
INSERT INTO meta.sensor (sourceid,staticid,updatetime,platformid,sensorindex,obstypeid,qchparmid,distgroup) VALUES (1,97094,'2013-05-01 00:00:00',6206,0,56105,77,2);
INSERT INTO meta.sensor (sourceid,staticid,updatetime,platformid,sensorindex,obstypeid,qchparmid,distgroup) VALUES (1,97095,'2013-05-01 00:00:00',6206,0,56108,79,2);
INSERT INTO meta.sensor (sourceid,staticid,updatetime,platformid,sensorindex,obstypeid,qchparmid,distgroup) VALUES (1,97096,'2013-05-01 00:00:00',6206,1,511313,18,2);
INSERT INTO meta.sensor (sourceid,staticid,updatetime,platformid,sensorindex,obstypeid,qchparmid,distgroup) VALUES (1,97097,'2013-05-01 00:00:00',6206,2,511313,18,2);
INSERT INTO meta.sensor (sourceid,staticid,updatetime,platformid,sensorindex,obstypeid,qchparmid,distgroup) VALUES (1,97098,'2013-05-01 00:00:00',6206,0,56107,234,2);
INSERT INTO meta.sensor (sourceid,staticid,updatetime,platformid,sensorindex,obstypeid,qchparmid,distgroup) VALUES (1,97099,'2013-05-01 00:00:00',6206,0,56109,81,2);
INSERT INTO meta.sensor (sourceid,staticid,updatetime,platformid,sensorindex,obstypeid,qchparmid,distgroup) VALUES (1,97100,'2013-05-01 00:00:00',6207,0,574,1,2);
INSERT INTO meta.sensor (sourceid,staticid,updatetime,platformid,sensorindex,obstypeid,qchparmid,distgroup) VALUES (1,97101,'2013-05-01 00:00:00',6207,0,575,3,2);
INSERT INTO meta.sensor (sourceid,staticid,updatetime,platformid,sensorindex,obstypeid,qchparmid,distgroup) VALUES (1,97102,'2013-05-01 00:00:00',6207,0,576,4,2);
INSERT INTO meta.sensor (sourceid,staticid,updatetime,platformid,sensorindex,obstypeid,qchparmid,distgroup) VALUES (1,97103,'2013-05-01 00:00:00',6207,0,577,5,2);
INSERT INTO meta.sensor (sourceid,staticid,updatetime,platformid,sensorindex,obstypeid,qchparmid,distgroup) VALUES (1,97104,'2013-05-01 00:00:00',6207,0,581,7,2);
INSERT INTO meta.sensor (sourceid,staticid,updatetime,platformid,sensorindex,obstypeid,qchparmid,distgroup) VALUES (1,97105,'2013-05-01 00:00:00',6207,0,5733,9,2);
INSERT INTO meta.sensor (sourceid,staticid,updatetime,platformid,sensorindex,obstypeid,qchparmid,distgroup) VALUES (1,97106,'2013-05-01 00:00:00',6207,0,554,296,2);
INSERT INTO meta.sensor (sourceid,staticid,updatetime,platformid,sensorindex,obstypeid,qchparmid,distgroup) VALUES (1,97107,'2013-05-01 00:00:00',6207,0,206,95,2);
INSERT INTO meta.sensor (sourceid,staticid,updatetime,platformid,sensorindex,obstypeid,qchparmid,distgroup) VALUES (1,97108,'2013-05-01 00:00:00',6207,0,207,96,2);
INSERT INTO meta.sensor (sourceid,staticid,updatetime,platformid,sensorindex,obstypeid,qchparmid,distgroup) VALUES (1,97109,'2013-05-01 00:00:00',6207,0,587,98,2);
INSERT INTO meta.sensor (sourceid,staticid,updatetime,platformid,sensorindex,obstypeid,qchparmid,distgroup) VALUES (1,97110,'2013-05-01 00:00:00',6207,0,5101,100,2);
INSERT INTO meta.sensor (sourceid,staticid,updatetime,platformid,sensorindex,obstypeid,qchparmid,distgroup) VALUES (1,97111,'2013-05-01 00:00:00',6207,0,5101,101,2);
INSERT INTO meta.sensor (sourceid,staticid,updatetime,platformid,sensorindex,obstypeid,qchparmid,distgroup) VALUES (1,97112,'2013-05-01 00:00:00',6207,0,5811,102,2);
INSERT INTO meta.sensor (sourceid,staticid,updatetime,platformid,sensorindex,obstypeid,qchparmid,distgroup) VALUES (1,97113,'2013-05-01 00:00:00',6207,0,5812,103,2);
INSERT INTO meta.sensor (sourceid,staticid,updatetime,platformid,sensorindex,obstypeid,qchparmid,distgroup) VALUES (1,97114,'2013-05-01 00:00:00',6207,0,5813,104,2);
INSERT INTO meta.sensor (sourceid,staticid,updatetime,platformid,sensorindex,obstypeid,qchparmid,distgroup) VALUES (1,97115,'2013-05-01 00:00:00',6207,0,5814,105,2);
INSERT INTO meta.sensor (sourceid,staticid,updatetime,platformid,sensorindex,obstypeid,qchparmid,distgroup) VALUES (1,97116,'2013-05-01 00:00:00',6207,0,5815,106,2);
INSERT INTO meta.sensor (sourceid,staticid,updatetime,platformid,sensorindex,obstypeid,qchparmid,distgroup) VALUES (1,97117,'2013-05-01 00:00:00',6207,0,5816,107,2);
INSERT INTO meta.sensor (sourceid,staticid,updatetime,platformid,sensorindex,obstypeid,qchparmid,distgroup) VALUES (1,97118,'2013-05-01 00:00:00',6207,0,5817,109,2);
INSERT INTO meta.sensor (sourceid,staticid,updatetime,platformid,sensorindex,obstypeid,qchparmid,distgroup) VALUES (1,97119,'2013-05-01 00:00:00',6207,0,5102,293,2);
INSERT INTO meta.sensor (sourceid,staticid,updatetime,platformid,sensorindex,obstypeid,qchparmid,distgroup) VALUES (1,97120,'2013-05-01 00:00:00',6207,0,586,425,2);
INSERT INTO meta.sensor (sourceid,staticid,updatetime,platformid,sensorindex,obstypeid,qchparmid,distgroup) VALUES (1,97121,'2013-05-01 00:00:00',6207,0,589,426,2);
INSERT INTO meta.sensor (sourceid,staticid,updatetime,platformid,sensorindex,obstypeid,qchparmid,distgroup) VALUES (1,97122,'2013-05-01 00:00:00',6207,0,56104,75,2);
INSERT INTO meta.sensor (sourceid,staticid,updatetime,platformid,sensorindex,obstypeid,qchparmid,distgroup) VALUES (1,97123,'2013-05-01 00:00:00',6207,0,56105,77,2);
INSERT INTO meta.sensor (sourceid,staticid,updatetime,platformid,sensorindex,obstypeid,qchparmid,distgroup) VALUES (1,97124,'2013-05-01 00:00:00',6207,0,56106,233,2);
INSERT INTO meta.sensor (sourceid,staticid,updatetime,platformid,sensorindex,obstypeid,qchparmid,distgroup) VALUES (1,97125,'2013-05-01 00:00:00',6207,0,56107,234,2);
INSERT INTO meta.sensor (sourceid,staticid,updatetime,platformid,sensorindex,obstypeid,qchparmid,distgroup) VALUES (1,97126,'2013-05-01 00:00:00',6207,0,56108,79,2);
INSERT INTO meta.sensor (sourceid,staticid,updatetime,platformid,sensorindex,obstypeid,qchparmid,distgroup) VALUES (1,97127,'2013-05-01 00:00:00',6207,0,56109,81,2);
INSERT INTO meta.sensor (sourceid,staticid,updatetime,platformid,sensorindex,obstypeid,qchparmid,distgroup) VALUES (1,97128,'2013-05-01 00:00:00',6207,0,511371,365,2);
INSERT INTO meta.sensor (sourceid,staticid,updatetime,platformid,sensorindex,obstypeid,qchparmid,distgroup) VALUES (1,97129,'2013-05-01 00:00:00',6207,0,511310,366,2);
INSERT INTO meta.sensor (sourceid,staticid,updatetime,platformid,sensorindex,obstypeid,qchparmid,distgroup) VALUES (1,97130,'2013-05-01 00:00:00',6207,0,511314,367,2);
INSERT INTO meta.sensor (sourceid,staticid,updatetime,platformid,sensorindex,obstypeid,qchparmid,distgroup) VALUES (1,97131,'2013-05-01 00:00:00',6207,0,511315,368,2);
INSERT INTO meta.sensor (sourceid,staticid,updatetime,platformid,sensorindex,obstypeid,qchparmid,distgroup) VALUES (1,97132,'2013-05-01 00:00:00',6207,0,511311,398,2);
INSERT INTO meta.sensor (sourceid,staticid,updatetime,platformid,sensorindex,obstypeid,qchparmid,distgroup) VALUES (1,97133,'2013-05-01 00:00:00',6207,0,511317,399,2);
INSERT INTO meta.sensor (sourceid,staticid,updatetime,platformid,sensorindex,obstypeid,qchparmid,distgroup) VALUES (1,97134,'2013-05-01 00:00:00',6207,0,511313,400,2);
INSERT INTO meta.sensor (sourceid,staticid,updatetime,platformid,sensorindex,obstypeid,qchparmid,distgroup) VALUES (1,97135,'2013-05-01 00:00:00',6207,0,51139,401,2);
INSERT INTO meta.sensor (sourceid,staticid,updatetime,platformid,sensorindex,obstypeid,qchparmid,distgroup) VALUES (1,97136,'2013-05-01 00:00:00',6207,0,584,402,2);
INSERT INTO meta.sensor (sourceid,staticid,updatetime,platformid,sensorindex,obstypeid,qchparmid,distgroup) VALUES (1,97137,'2013-05-01 00:00:00',6207,0,585,403,2);
INSERT INTO meta.sensor (sourceid,staticid,updatetime,platformid,sensorindex,obstypeid,qchparmid,distgroup) VALUES (1,97138,'2013-05-01 00:00:00',6207,0,5810,404,2);
INSERT INTO meta.sensor (sourceid,staticid,updatetime,platformid,sensorindex,obstypeid,qchparmid,distgroup) VALUES (1,97139,'2013-05-01 00:00:00',6207,0,5121,497,2);
INSERT INTO meta.sensor (sourceid,staticid,updatetime,platformid,sensorindex,obstypeid,qchparmid,distgroup) VALUES (1,97140,'2013-05-01 00:00:00',6207,1,511371,365,2);
INSERT INTO meta.sensor (sourceid,staticid,updatetime,platformid,sensorindex,obstypeid,qchparmid,distgroup) VALUES (1,97141,'2013-05-01 00:00:00',6207,1,511310,366,2);
INSERT INTO meta.sensor (sourceid,staticid,updatetime,platformid,sensorindex,obstypeid,qchparmid,distgroup) VALUES (1,97142,'2013-05-01 00:00:00',6207,1,511314,367,2);
INSERT INTO meta.sensor (sourceid,staticid,updatetime,platformid,sensorindex,obstypeid,qchparmid,distgroup) VALUES (1,97143,'2013-05-01 00:00:00',6207,1,511315,368,2);
INSERT INTO meta.sensor (sourceid,staticid,updatetime,platformid,sensorindex,obstypeid,qchparmid,distgroup) VALUES (1,97144,'2013-05-01 00:00:00',6207,1,511311,398,2);
INSERT INTO meta.sensor (sourceid,staticid,updatetime,platformid,sensorindex,obstypeid,qchparmid,distgroup) VALUES (1,97145,'2013-05-01 00:00:00',6207,1,511317,399,2);
INSERT INTO meta.sensor (sourceid,staticid,updatetime,platformid,sensorindex,obstypeid,qchparmid,distgroup) VALUES (1,97146,'2013-05-01 00:00:00',6207,1,511313,400,2);
INSERT INTO meta.sensor (sourceid,staticid,updatetime,platformid,sensorindex,obstypeid,qchparmid,distgroup) VALUES (1,97147,'2013-05-01 00:00:00',6207,1,51139,401,2);
INSERT INTO meta.sensor (sourceid,staticid,updatetime,platformid,sensorindex,obstypeid,qchparmid,distgroup) VALUES (1,97148,'2013-05-01 00:00:00',6207,1,584,402,2);
INSERT INTO meta.sensor (sourceid,staticid,updatetime,platformid,sensorindex,obstypeid,qchparmid,distgroup) VALUES (1,97149,'2013-05-01 00:00:00',6207,1,585,403,2);
INSERT INTO meta.sensor (sourceid,staticid,updatetime,platformid,sensorindex,obstypeid,qchparmid,distgroup) VALUES (1,97150,'2013-05-01 00:00:00',6207,1,5810,404,2);
INSERT INTO meta.sensor (sourceid,staticid,updatetime,platformid,sensorindex,obstypeid,qchparmid,distgroup) VALUES (1,97151,'2013-05-01 00:00:00',6207,1,5121,497,2);
INSERT INTO meta.sensor (sourceid,staticid,updatetime,platformid,sensorindex,obstypeid,qchparmid,distgroup) VALUES (1,97152,'2013-05-01 00:00:00',6207,0,51138,364,2);
INSERT INTO meta.sensor (sourceid,staticid,updatetime,platformid,sensorindex,obstypeid,qchparmid,distgroup) VALUES (1,97153,'2013-05-01 00:00:00',6207,1,51138,364,2);
INSERT INTO meta.sensor (sourceid,staticid,updatetime,platformid,sensorindex,obstypeid,qchparmid,distgroup) VALUES (1,97154,'2013-05-01 00:00:00',6207,0,204,12,2);
INSERT INTO meta.sensor (sourceid,staticid,updatetime,platformid,sensorindex,obstypeid,qchparmid,distgroup) VALUES (1,97155,'2013-05-01 00:00:00',6207,0,51137,13,2);
INSERT INTO meta.sensor (sourceid,staticid,updatetime,platformid,sensorindex,obstypeid,qchparmid,distgroup) VALUES (1,97156,'2013-05-01 00:00:00',6207,0,51138,15,2);
INSERT INTO meta.sensor (sourceid,staticid,updatetime,platformid,sensorindex,obstypeid,qchparmid,distgroup) VALUES (1,97157,'2013-05-01 00:00:00',6207,0,51165,16,2);
INSERT INTO meta.sensor (sourceid,staticid,updatetime,platformid,sensorindex,obstypeid,qchparmid,distgroup) VALUES (1,97158,'2013-05-01 00:00:00',6207,0,511313,18,2);
INSERT INTO meta.sensor (sourceid,staticid,updatetime,platformid,sensorindex,obstypeid,qchparmid,distgroup) VALUES (1,97159,'2013-05-01 00:00:00',6207,0,511313,19,2);
INSERT INTO meta.sensor (sourceid,staticid,updatetime,platformid,sensorindex,obstypeid,qchparmid,distgroup) VALUES (1,97160,'2013-05-01 00:00:00',6207,0,511316,20,2);
INSERT INTO meta.sensor (sourceid,staticid,updatetime,platformid,sensorindex,obstypeid,qchparmid,distgroup) VALUES (1,97161,'2013-05-01 00:00:00',6207,0,511311,256,2);
INSERT INTO meta.sensor (sourceid,staticid,updatetime,platformid,sensorindex,obstypeid,qchparmid,distgroup) VALUES (1,97162,'2013-05-01 00:00:00',6207,0,511317,307,2);
INSERT INTO meta.sensor (sourceid,staticid,updatetime,platformid,sensorindex,obstypeid,qchparmid,distgroup) VALUES (1,97163,'2013-05-01 00:00:00',6207,0,51139,419,2);
INSERT INTO meta.sensor (sourceid,staticid,updatetime,platformid,sensorindex,obstypeid,qchparmid,distgroup) VALUES (1,97164,'2013-05-01 00:00:00',6207,0,511314,420,2);
INSERT INTO meta.sensor (sourceid,staticid,updatetime,platformid,sensorindex,obstypeid,qchparmid,distgroup) VALUES (1,97165,'2013-05-01 00:00:00',6207,0,511315,421,2);
INSERT INTO meta.sensor (sourceid,staticid,updatetime,platformid,sensorindex,obstypeid,qchparmid,distgroup) VALUES (1,97166,'2013-05-01 00:00:00',6207,1,204,12,2);
INSERT INTO meta.sensor (sourceid,staticid,updatetime,platformid,sensorindex,obstypeid,qchparmid,distgroup) VALUES (1,97167,'2013-05-01 00:00:00',6207,1,51137,13,2);
INSERT INTO meta.sensor (sourceid,staticid,updatetime,platformid,sensorindex,obstypeid,qchparmid,distgroup) VALUES (1,97168,'2013-05-01 00:00:00',6207,1,51138,15,2);
INSERT INTO meta.sensor (sourceid,staticid,updatetime,platformid,sensorindex,obstypeid,qchparmid,distgroup) VALUES (1,97169,'2013-05-01 00:00:00',6207,1,51165,16,2);
INSERT INTO meta.sensor (sourceid,staticid,updatetime,platformid,sensorindex,obstypeid,qchparmid,distgroup) VALUES (1,97170,'2013-05-01 00:00:00',6207,1,511313,18,2);
INSERT INTO meta.sensor (sourceid,staticid,updatetime,platformid,sensorindex,obstypeid,qchparmid,distgroup) VALUES (1,97171,'2013-05-01 00:00:00',6207,1,511313,19,2);
INSERT INTO meta.sensor (sourceid,staticid,updatetime,platformid,sensorindex,obstypeid,qchparmid,distgroup) VALUES (1,97172,'2013-05-01 00:00:00',6207,1,511316,20,2);
INSERT INTO meta.sensor (sourceid,staticid,updatetime,platformid,sensorindex,obstypeid,qchparmid,distgroup) VALUES (1,97173,'2013-05-01 00:00:00',6207,1,511311,256,2);
INSERT INTO meta.sensor (sourceid,staticid,updatetime,platformid,sensorindex,obstypeid,qchparmid,distgroup) VALUES (1,97174,'2013-05-01 00:00:00',6207,1,511317,307,2);
INSERT INTO meta.sensor (sourceid,staticid,updatetime,platformid,sensorindex,obstypeid,qchparmid,distgroup) VALUES (1,97175,'2013-05-01 00:00:00',6207,1,51139,419,2);
INSERT INTO meta.sensor (sourceid,staticid,updatetime,platformid,sensorindex,obstypeid,qchparmid,distgroup) VALUES (1,97176,'2013-05-01 00:00:00',6207,1,511314,420,2);
INSERT INTO meta.sensor (sourceid,staticid,updatetime,platformid,sensorindex,obstypeid,qchparmid,distgroup) VALUES (1,97177,'2013-05-01 00:00:00',6207,1,511315,421,2);
INSERT INTO meta.sensor (sourceid,staticid,updatetime,platformid,sensorindex,obstypeid,qchparmid,distgroup) VALUES (1,97178,'2013-05-01 00:00:00',6207,2,204,12,2);
INSERT INTO meta.sensor (sourceid,staticid,updatetime,platformid,sensorindex,obstypeid,qchparmid,distgroup) VALUES (1,97179,'2013-05-01 00:00:00',6207,2,51137,13,2);
INSERT INTO meta.sensor (sourceid,staticid,updatetime,platformid,sensorindex,obstypeid,qchparmid,distgroup) VALUES (1,97180,'2013-05-01 00:00:00',6207,2,51138,15,2);
INSERT INTO meta.sensor (sourceid,staticid,updatetime,platformid,sensorindex,obstypeid,qchparmid,distgroup) VALUES (1,97181,'2013-05-01 00:00:00',6207,2,51165,16,2);
INSERT INTO meta.sensor (sourceid,staticid,updatetime,platformid,sensorindex,obstypeid,qchparmid,distgroup) VALUES (1,97182,'2013-05-01 00:00:00',6207,2,511313,18,2);
INSERT INTO meta.sensor (sourceid,staticid,updatetime,platformid,sensorindex,obstypeid,qchparmid,distgroup) VALUES (1,97183,'2013-05-01 00:00:00',6207,2,511313,19,2);
INSERT INTO meta.sensor (sourceid,staticid,updatetime,platformid,sensorindex,obstypeid,qchparmid,distgroup) VALUES (1,97184,'2013-05-01 00:00:00',6207,2,511316,20,2);
INSERT INTO meta.sensor (sourceid,staticid,updatetime,platformid,sensorindex,obstypeid,qchparmid,distgroup) VALUES (1,97185,'2013-05-01 00:00:00',6207,2,511311,256,2);
INSERT INTO meta.sensor (sourceid,staticid,updatetime,platformid,sensorindex,obstypeid,qchparmid,distgroup) VALUES (1,97186,'2013-05-01 00:00:00',6207,2,511317,307,2);
INSERT INTO meta.sensor (sourceid,staticid,updatetime,platformid,sensorindex,obstypeid,qchparmid,distgroup) VALUES (1,97187,'2013-05-01 00:00:00',6207,2,51139,419,2);
INSERT INTO meta.sensor (sourceid,staticid,updatetime,platformid,sensorindex,obstypeid,qchparmid,distgroup) VALUES (1,97188,'2013-05-01 00:00:00',6207,2,511314,420,2);
INSERT INTO meta.sensor (sourceid,staticid,updatetime,platformid,sensorindex,obstypeid,qchparmid,distgroup) VALUES (1,97189,'2013-05-01 00:00:00',6207,2,511315,421,2);
INSERT INTO meta.sensor (sourceid,staticid,updatetime,platformid,sensorindex,obstypeid,qchparmid,distgroup) VALUES (1,97190,'2013-05-01 00:00:00',6207,0,51138,155,2);
INSERT INTO meta.sensor (sourceid,staticid,updatetime,platformid,sensorindex,obstypeid,qchparmid,distgroup) VALUES (1,97191,'2013-05-01 00:00:00',6207,0,511313,156,2);
INSERT INTO meta.sensor (sourceid,staticid,updatetime,platformid,sensorindex,obstypeid,qchparmid,distgroup) VALUES (1,97192,'2013-05-01 00:00:00',6207,0,204,260,2);
INSERT INTO meta.sensor (sourceid,staticid,updatetime,platformid,sensorindex,obstypeid,qchparmid,distgroup) VALUES (1,97193,'2013-05-01 00:00:00',6207,0,51137,305,2);
INSERT INTO meta.sensor (sourceid,staticid,updatetime,platformid,sensorindex,obstypeid,qchparmid,distgroup) VALUES (1,97194,'2013-05-01 00:00:00',6208,0,575,3,2);
INSERT INTO meta.sensor (sourceid,staticid,updatetime,platformid,sensorindex,obstypeid,qchparmid,distgroup) VALUES (1,97195,'2013-05-01 00:00:00',6208,0,581,7,2);
INSERT INTO meta.sensor (sourceid,staticid,updatetime,platformid,sensorindex,obstypeid,qchparmid,distgroup) VALUES (1,97196,'2013-05-01 00:00:00',6208,1,5733,9,2);
INSERT INTO meta.sensor (sourceid,staticid,updatetime,platformid,sensorindex,obstypeid,qchparmid,distgroup) VALUES (1,97197,'2013-05-01 00:00:00',6208,1,51137,305,2);
INSERT INTO meta.sensor (sourceid,staticid,updatetime,platformid,sensorindex,obstypeid,qchparmid,distgroup) VALUES (1,97198,'2013-05-01 00:00:00',6208,2,51137,305,2);
INSERT INTO meta.sensor (sourceid,staticid,updatetime,platformid,sensorindex,obstypeid,qchparmid,distgroup) VALUES (1,97199,'2013-05-01 00:00:00',6208,3,51137,305,2);
INSERT INTO meta.sensor (sourceid,staticid,updatetime,platformid,sensorindex,obstypeid,qchparmid,distgroup) VALUES (1,97200,'2013-05-01 00:00:00',6208,4,51137,305,2);
INSERT INTO meta.sensor (sourceid,staticid,updatetime,platformid,sensorindex,obstypeid,qchparmid,distgroup) VALUES (1,97201,'2013-05-01 00:00:00',6208,1,51138,364,2);
INSERT INTO meta.sensor (sourceid,staticid,updatetime,platformid,sensorindex,obstypeid,qchparmid,distgroup) VALUES (1,97202,'2013-05-01 00:00:00',6208,2,51138,364,2);
INSERT INTO meta.sensor (sourceid,staticid,updatetime,platformid,sensorindex,obstypeid,qchparmid,distgroup) VALUES (1,97203,'2013-05-01 00:00:00',6208,3,51138,364,2);
INSERT INTO meta.sensor (sourceid,staticid,updatetime,platformid,sensorindex,obstypeid,qchparmid,distgroup) VALUES (1,97204,'2013-05-01 00:00:00',6208,4,51138,364,2);
INSERT INTO meta.sensor (sourceid,staticid,updatetime,platformid,sensorindex,obstypeid,qchparmid,distgroup) VALUES (1,97205,'2013-05-01 00:00:00',6208,1,51165,48,2);
INSERT INTO meta.sensor (sourceid,staticid,updatetime,platformid,sensorindex,obstypeid,qchparmid,distgroup) VALUES (1,97206,'2013-05-01 00:00:00',6208,1,511313,400,2);
INSERT INTO meta.sensor (sourceid,staticid,updatetime,platformid,sensorindex,obstypeid,qchparmid,distgroup) VALUES (1,97207,'2013-05-01 00:00:00',6208,2,511313,400,2);
INSERT INTO meta.sensor (sourceid,staticid,updatetime,platformid,sensorindex,obstypeid,qchparmid,distgroup) VALUES (1,97208,'2013-05-01 00:00:00',6208,3,511313,400,2);
INSERT INTO meta.sensor (sourceid,staticid,updatetime,platformid,sensorindex,obstypeid,qchparmid,distgroup) VALUES (1,97209,'2013-05-01 00:00:00',6208,4,511313,400,2);
INSERT INTO meta.sensor (sourceid,staticid,updatetime,platformid,sensorindex,obstypeid,qchparmid,distgroup) VALUES (1,97210,'2013-05-01 00:00:00',6208,0,56104,75,2);
INSERT INTO meta.sensor (sourceid,staticid,updatetime,platformid,sensorindex,obstypeid,qchparmid,distgroup) VALUES (1,97211,'2013-05-01 00:00:00',6208,0,56105,77,2);
INSERT INTO meta.sensor (sourceid,staticid,updatetime,platformid,sensorindex,obstypeid,qchparmid,distgroup) VALUES (1,97212,'2013-05-01 00:00:00',6208,0,56108,79,2);
INSERT INTO meta.sensor (sourceid,staticid,updatetime,platformid,sensorindex,obstypeid,qchparmid,distgroup) VALUES (1,97213,'2013-05-01 00:00:00',6208,1,51139,401,2);
INSERT INTO meta.sensor (sourceid,staticid,updatetime,platformid,sensorindex,obstypeid,qchparmid,distgroup) VALUES (1,97214,'2013-05-01 00:00:00',6208,2,51139,401,2);
INSERT INTO meta.sensor (sourceid,staticid,updatetime,platformid,sensorindex,obstypeid,qchparmid,distgroup) VALUES (1,97215,'2013-05-01 00:00:00',6208,3,51139,401,2);
INSERT INTO meta.sensor (sourceid,staticid,updatetime,platformid,sensorindex,obstypeid,qchparmid,distgroup) VALUES (1,97216,'2013-05-01 00:00:00',6208,4,51139,401,2);
INSERT INTO meta.sensor (sourceid,staticid,updatetime,platformid,sensorindex,obstypeid,qchparmid,distgroup) VALUES (1,97217,'2013-05-01 00:00:00',6208,0,586,425,2);
INSERT INTO meta.sensor (sourceid,staticid,updatetime,platformid,sensorindex,obstypeid,qchparmid,distgroup) VALUES (1,97218,'2013-05-01 00:00:00',6208,0,589,426,2);
INSERT INTO meta.sensor (sourceid,staticid,updatetime,platformid,sensorindex,obstypeid,qchparmid,distgroup) VALUES (1,97219,'2013-05-01 00:00:00',6208,0,56106,233,2);
INSERT INTO meta.sensor (sourceid,staticid,updatetime,platformid,sensorindex,obstypeid,qchparmid,distgroup) VALUES (1,97220,'2013-05-01 00:00:00',6208,0,56107,234,2);
INSERT INTO meta.sensor (sourceid,staticid,updatetime,platformid,sensorindex,obstypeid,qchparmid,distgroup) VALUES (1,97221,'2013-05-01 00:00:00',6208,0,56109,81,2);
INSERT INTO meta.sensor (sourceid,staticid,updatetime,platformid,sensorindex,obstypeid,qchparmid,distgroup) VALUES (1,97222,'2013-05-01 00:00:00',6209,1,584,402,2);
INSERT INTO meta.sensor (sourceid,staticid,updatetime,platformid,sensorindex,obstypeid,qchparmid,distgroup) VALUES (1,97223,'2013-05-01 00:00:00',6209,1,585,403,2);
INSERT INTO meta.sensor (sourceid,staticid,updatetime,platformid,sensorindex,obstypeid,qchparmid,distgroup) VALUES (1,97224,'2013-05-01 00:00:00',6209,1,5810,404,2);
INSERT INTO meta.sensor (sourceid,staticid,updatetime,platformid,sensorindex,obstypeid,qchparmid,distgroup) VALUES (1,97225,'2013-05-01 00:00:00',6209,1,511371,365,2);
INSERT INTO meta.sensor (sourceid,staticid,updatetime,platformid,sensorindex,obstypeid,qchparmid,distgroup) VALUES (1,97226,'2013-05-01 00:00:00',6209,1,51139,401,2);
INSERT INTO meta.sensor (sourceid,staticid,updatetime,platformid,sensorindex,obstypeid,qchparmid,distgroup) VALUES (1,97227,'2013-05-01 00:00:00',6209,1,511311,398,2);
INSERT INTO meta.sensor (sourceid,staticid,updatetime,platformid,sensorindex,obstypeid,qchparmid,distgroup) VALUES (1,97228,'2013-05-01 00:00:00',6209,1,511313,400,2);
INSERT INTO meta.sensor (sourceid,staticid,updatetime,platformid,sensorindex,obstypeid,qchparmid,distgroup) VALUES (1,97229,'2013-05-01 00:00:00',6209,1,511314,367,2);
INSERT INTO meta.sensor (sourceid,staticid,updatetime,platformid,sensorindex,obstypeid,qchparmid,distgroup) VALUES (1,97230,'2013-05-01 00:00:00',6209,1,511315,368,2);
INSERT INTO meta.sensor (sourceid,staticid,updatetime,platformid,sensorindex,obstypeid,qchparmid,distgroup) VALUES (1,97231,'2013-05-01 00:00:00',6209,1,511310,366,2);
INSERT INTO meta.sensor (sourceid,staticid,updatetime,platformid,sensorindex,obstypeid,qchparmid,distgroup) VALUES (1,97232,'2013-05-01 00:00:00',6209,1,511317,399,2);
INSERT INTO meta.sensor (sourceid,staticid,updatetime,platformid,sensorindex,obstypeid,qchparmid,distgroup) VALUES (1,97233,'2013-05-01 00:00:00',6209,1,51138,364,2);
INSERT INTO meta.sensor (sourceid,staticid,updatetime,platformid,sensorindex,obstypeid,qchparmid,distgroup) VALUES (1,97234,'2013-05-01 00:00:00',6209,1,5121,497,2);
INSERT INTO meta.sensor (sourceid,staticid,updatetime,platformid,sensorindex,obstypeid,qchparmid,distgroup) VALUES (1,97235,'2013-05-01 00:00:00',6210,1,584,402,2);
INSERT INTO meta.sensor (sourceid,staticid,updatetime,platformid,sensorindex,obstypeid,qchparmid,distgroup) VALUES (1,97236,'2013-05-01 00:00:00',6210,1,585,403,2);
INSERT INTO meta.sensor (sourceid,staticid,updatetime,platformid,sensorindex,obstypeid,qchparmid,distgroup) VALUES (1,97237,'2013-05-01 00:00:00',6210,1,5810,404,2);
INSERT INTO meta.sensor (sourceid,staticid,updatetime,platformid,sensorindex,obstypeid,qchparmid,distgroup) VALUES (1,97238,'2013-05-01 00:00:00',6210,1,511371,365,2);
INSERT INTO meta.sensor (sourceid,staticid,updatetime,platformid,sensorindex,obstypeid,qchparmid,distgroup) VALUES (1,97239,'2013-05-01 00:00:00',6210,1,51139,401,2);
INSERT INTO meta.sensor (sourceid,staticid,updatetime,platformid,sensorindex,obstypeid,qchparmid,distgroup) VALUES (1,97240,'2013-05-01 00:00:00',6210,1,511311,398,2);
INSERT INTO meta.sensor (sourceid,staticid,updatetime,platformid,sensorindex,obstypeid,qchparmid,distgroup) VALUES (1,97241,'2013-05-01 00:00:00',6210,1,511313,400,2);
INSERT INTO meta.sensor (sourceid,staticid,updatetime,platformid,sensorindex,obstypeid,qchparmid,distgroup) VALUES (1,97242,'2013-05-01 00:00:00',6210,1,511314,367,2);
INSERT INTO meta.sensor (sourceid,staticid,updatetime,platformid,sensorindex,obstypeid,qchparmid,distgroup) VALUES (1,97243,'2013-05-01 00:00:00',6210,1,511315,368,2);
INSERT INTO meta.sensor (sourceid,staticid,updatetime,platformid,sensorindex,obstypeid,qchparmid,distgroup) VALUES (1,97244,'2013-05-01 00:00:00',6210,1,511310,366,2);
INSERT INTO meta.sensor (sourceid,staticid,updatetime,platformid,sensorindex,obstypeid,qchparmid,distgroup) VALUES (1,97245,'2013-05-01 00:00:00',6210,1,511317,399,2);
INSERT INTO meta.sensor (sourceid,staticid,updatetime,platformid,sensorindex,obstypeid,qchparmid,distgroup) VALUES (1,97246,'2013-05-01 00:00:00',6210,1,51138,364,2);
INSERT INTO meta.sensor (sourceid,staticid,updatetime,platformid,sensorindex,obstypeid,qchparmid,distgroup) VALUES (1,97247,'2013-05-01 00:00:00',6210,1,5121,497,2);
INSERT INTO meta.sensor (sourceid,staticid,updatetime,platformid,sensorindex,obstypeid,qchparmid,distgroup) VALUES (1,97248,'2013-05-01 00:00:00',6211,1,584,402,2);
INSERT INTO meta.sensor (sourceid,staticid,updatetime,platformid,sensorindex,obstypeid,qchparmid,distgroup) VALUES (1,97249,'2013-05-01 00:00:00',6211,1,585,403,2);
INSERT INTO meta.sensor (sourceid,staticid,updatetime,platformid,sensorindex,obstypeid,qchparmid,distgroup) VALUES (1,97250,'2013-05-01 00:00:00',6211,1,5810,404,2);
INSERT INTO meta.sensor (sourceid,staticid,updatetime,platformid,sensorindex,obstypeid,qchparmid,distgroup) VALUES (1,97251,'2013-05-01 00:00:00',6211,1,511371,365,2);
INSERT INTO meta.sensor (sourceid,staticid,updatetime,platformid,sensorindex,obstypeid,qchparmid,distgroup) VALUES (1,97252,'2013-05-01 00:00:00',6211,1,51139,401,2);
INSERT INTO meta.sensor (sourceid,staticid,updatetime,platformid,sensorindex,obstypeid,qchparmid,distgroup) VALUES (1,97253,'2013-05-01 00:00:00',6211,1,511311,398,2);
INSERT INTO meta.sensor (sourceid,staticid,updatetime,platformid,sensorindex,obstypeid,qchparmid,distgroup) VALUES (1,97254,'2013-05-01 00:00:00',6211,1,511313,400,2);
INSERT INTO meta.sensor (sourceid,staticid,updatetime,platformid,sensorindex,obstypeid,qchparmid,distgroup) VALUES (1,97255,'2013-05-01 00:00:00',6211,1,511314,367,2);
INSERT INTO meta.sensor (sourceid,staticid,updatetime,platformid,sensorindex,obstypeid,qchparmid,distgroup) VALUES (1,97256,'2013-05-01 00:00:00',6211,1,511315,368,2);
INSERT INTO meta.sensor (sourceid,staticid,updatetime,platformid,sensorindex,obstypeid,qchparmid,distgroup) VALUES (1,97257,'2013-05-01 00:00:00',6211,1,511310,366,2);
INSERT INTO meta.sensor (sourceid,staticid,updatetime,platformid,sensorindex,obstypeid,qchparmid,distgroup) VALUES (1,97258,'2013-05-01 00:00:00',6211,1,511317,399,2);
INSERT INTO meta.sensor (sourceid,staticid,updatetime,platformid,sensorindex,obstypeid,qchparmid,distgroup) VALUES (1,97259,'2013-05-01 00:00:00',6211,1,51138,364,2);
INSERT INTO meta.sensor (sourceid,staticid,updatetime,platformid,sensorindex,obstypeid,qchparmid,distgroup) VALUES (1,97260,'2013-05-01 00:00:00',6211,1,5121,497,2);
INSERT INTO meta.sensor (sourceid,staticid,updatetime,platformid,sensorindex,obstypeid,qchparmid,distgroup) VALUES (1,97261,'2013-05-01 00:00:00',6212,0,5733,9,2);
INSERT INTO meta.sensor (sourceid,staticid,updatetime,platformid,sensorindex,obstypeid,qchparmid,distgroup) VALUES (1,97262,'2013-05-01 00:00:00',6212,0,575,3,2);
INSERT INTO meta.sensor (sourceid,staticid,updatetime,platformid,sensorindex,obstypeid,qchparmid,distgroup) VALUES (1,97263,'2013-05-01 00:00:00',6212,0,581,7,2);
INSERT INTO meta.sensor (sourceid,staticid,updatetime,platformid,sensorindex,obstypeid,qchparmid,distgroup) VALUES (1,97264,'2013-05-01 00:00:00',6212,0,56104,75,2);
INSERT INTO meta.sensor (sourceid,staticid,updatetime,platformid,sensorindex,obstypeid,qchparmid,distgroup) VALUES (1,97265,'2013-05-01 00:00:00',6212,0,56108,79,2);
INSERT INTO meta.sensor (sourceid,staticid,updatetime,platformid,sensorindex,obstypeid,qchparmid,distgroup) VALUES (1,97266,'2013-05-01 00:00:00',6212,0,56105,77,2);
INSERT INTO meta.sensor (sourceid,staticid,updatetime,platformid,sensorindex,obstypeid,qchparmid,distgroup) VALUES (1,97267,'2013-05-01 00:00:00',6212,0,56109,81,2);
INSERT INTO meta.sensor (sourceid,staticid,updatetime,platformid,sensorindex,obstypeid,qchparmid,distgroup) VALUES (1,97268,'2013-05-01 00:00:00',6212,0,5101,100,2);
INSERT INTO meta.sensor (sourceid,staticid,updatetime,platformid,sensorindex,obstypeid,qchparmid,distgroup) VALUES (1,97269,'2013-05-01 00:00:00',6212,0,554,140,2);
INSERT INTO meta.sensor (sourceid,staticid,updatetime,platformid,sensorindex,obstypeid,qchparmid,distgroup) VALUES (1,97270,'2013-05-01 00:00:00',6212,0,587,98,2);
INSERT INTO meta.sensor (sourceid,staticid,updatetime,platformid,sensorindex,obstypeid,qchparmid,distgroup) VALUES (1,97271,'2013-05-01 00:00:00',6212,0,576,4,2);
INSERT INTO meta.sensor (sourceid,staticid,updatetime,platformid,sensorindex,obstypeid,qchparmid,distgroup) VALUES (1,97272,'2013-05-01 00:00:00',6212,0,577,5,2);
INSERT INTO meta.sensor (sourceid,staticid,updatetime,platformid,sensorindex,obstypeid,qchparmid,distgroup) VALUES (1,97273,'2013-05-01 00:00:00',6212,0,574,1,2);
INSERT INTO meta.sensor (sourceid,staticid,updatetime,platformid,sensorindex,obstypeid,qchparmid,distgroup) VALUES (1,97274,'2013-05-01 00:00:00',6212,0,5811,102,2);
INSERT INTO meta.sensor (sourceid,staticid,updatetime,platformid,sensorindex,obstypeid,qchparmid,distgroup) VALUES (1,97275,'2013-05-01 00:00:00',6212,0,5812,103,2);
INSERT INTO meta.sensor (sourceid,staticid,updatetime,platformid,sensorindex,obstypeid,qchparmid,distgroup) VALUES (1,97276,'2013-05-01 00:00:00',6212,0,5813,104,2);
INSERT INTO meta.sensor (sourceid,staticid,updatetime,platformid,sensorindex,obstypeid,qchparmid,distgroup) VALUES (1,97277,'2013-05-01 00:00:00',6212,0,5814,105,2);
INSERT INTO meta.sensor (sourceid,staticid,updatetime,platformid,sensorindex,obstypeid,qchparmid,distgroup) VALUES (1,97278,'2013-05-01 00:00:00',6212,0,5815,106,2);
INSERT INTO meta.sensor (sourceid,staticid,updatetime,platformid,sensorindex,obstypeid,qchparmid,distgroup) VALUES (1,97279,'2013-05-01 00:00:00',6212,0,5816,107,2);
INSERT INTO meta.sensor (sourceid,staticid,updatetime,platformid,sensorindex,obstypeid,qchparmid,distgroup) VALUES (1,97280,'2013-05-01 00:00:00',6212,0,5817,109,2);
INSERT INTO meta.sensor (sourceid,staticid,updatetime,platformid,sensorindex,obstypeid,qchparmid,distgroup) VALUES (1,97281,'2013-05-01 00:00:00',6212,0,51138,15,2);
INSERT INTO meta.sensor (sourceid,staticid,updatetime,platformid,sensorindex,obstypeid,qchparmid,distgroup) VALUES (1,97282,'2013-05-01 00:00:00',6212,0,51165,48,2);
INSERT INTO meta.sensor (sourceid,staticid,updatetime,platformid,sensorindex,obstypeid,qchparmid,distgroup) VALUES (1,97283,'2013-05-01 00:00:00',6212,1,51165,48,2);
