<?xml version="1.0" encoding="UTF-8"?>
<changelog>
	<item>
		<date>October 21, 2013</date>
		<heading>Update Log</heading>
		<news>
			<![CDATA[
			- Removed special HTML characters from the feedback description<br>
			- Removed Observation.jsp link from the mini menu<br>
			- Fixed the adjustable height in the showQueryResults.jsp
			]]>
		</news>
		<url>/changeLog.jsp</url>
		<link>internal</link>
		<featured>true</featured>
	</item>
	<item>
		<date>October 16, 2013</date>
		<heading>Update Log</heading>
		<news>
			<![CDATA[
			- Added About menu<br />
			- Linked Terms of Use<br />
			- Linked Change Log<br />
			- Moved Data Sources from the Admin menu to the About menu<br />
			- Fixed IE8 cache bug<br />
			- Various UI fixes<br />
			- Fixed user edit bug<br />
			- Fixed sensor metadata problems<br />
			]]>
		</news>
		<url>/changeLog.jsp</url>
		<link>internal</link>
		<featured>false</featured>
	</item>
	<item>
		<date>September 13, 2013</date>
		<heading>WxDE CBT</heading>
		<news>
			The WxDE 1.0 opens closed beta access to USDOT users for review and comment.
			Open beta will follow after closed beta testing.
		</news>
		<url>/newsPage.jsp</url>
		<link>internal</link>
		<featured>false</featured>
	</item>
	<item>
		<date>July 20, 2013</date>
		<heading>RWM Stakeholder Meeting</heading>
		<news>
			The 2013 Road Weather Management Stakeholder 
			Meeting was held July 16 through July 18 in 
			Little Rock, Arkansas. 
		</news>
		<url>http://www.its.dot.gov/meetings/roadweather_meeting_stakeholder2013.htm</url>
		<link>external</link>
		<featured>true</featured>
	</item>
	<item>
		<date>July 16, 2013</date>
		<heading>WxDE Interim Instance Opened</heading>
		<news>
			The WxDE Interim Instance was opened for business 
			and its availability was announced at the 
			2013 Road Weather Management Stakeholder Meeting. 
		</news>
		<url>/newsPage.jsp</url>
		<link>internal</link>
		<featured>true</featured>
	</item>
</changelog>