<?xml version="1.0" encoding="UTF-8"?>
<changelogs>
	<changelog>
		<date>January 10, 2014</date>
		<heading>VDT Segment Data Integration and UI Enhancement</heading>
		<news>
			<![CDATA[
			- Completed integration of VDT segment statistics and assessment<br>
			- Changed the mobile observation display for performance improvement<br>
			- Improved info window display with fix header<br>
			- Fixed bug in query wizard using geospatial coordinates<br>
			- Various other improvements
			
			]]>
		</news>
		<url>/changeLog.jsp</url>
		<link>internal</link>
		<featured>true</featured>
	</changelog>
	<changelog>
		<date>December 19, 2013</date>
		<heading>Metadata Updates and VDT Integration</heading>
		<news>
			<![CDATA[
			- Recovered metadata for 65 MN IMOs and 257 sensors for VDT probe data<br>
			- Integrated VDT segment data in the database and midtier
			
			]]>
		</news>
		<url>/changeLog.jsp</url>
		<link>internal</link>
		<featured>true</featured>
	</changelog>
	<changelog>
		<date>December 16, 2013</date>
		<heading>FAQ and VDT Updates</heading>
		<news>
			<![CDATA[
			- Recovered metadata for 42 MI IMOs and 2061 sensors including 60 belonging to the newly added MI IMOs<br>
			- Populated FAQ<br>
			- Added date/time for feedbacks<br>
			- Added unique email constraint in user registration<br>
			- Improved data query on observation types<br>
			- Added wxde_support email for notification<br>
			- Fixed VDT integration code to support increasing NetCDF arrays and keep alive WxDE subscription as VDT input<br>
			- Updated the radar data collector to remove old folder to conserve disk space<br>
			- Various other UI fixes
			
			]]>
		</news>
		<url>/changeLog.jsp</url>
		<link>internal</link>
		<featured>false</featured>
	</changelog>
	<changelog>
		<date>November 18, 2013</date>
		<heading>Email Verification</heading>
		<news>
			<![CDATA[
			- Added email verification, password reset, and user id recovery<br>
			- Updated google analytics header information<br>
			- Various UI fixes
			]]>
		</news>
		<url>/changeLog.jsp</url>
		<link>internal</link>
		<featured>false</featured>
	</changelog>
	<changelog>
		<date>November 14, 2013</date>
		<heading>New VDT Observations</heading>
		<news>
			<![CDATA[
			- Added new observation types (ABS, Speed, Heading, etc.) for VDT data<br>
			- Identified and recovered metadata for 99 platforms and 499 sensors for VDT data
			]]>
		</news>
		<url>/changeLog.jsp</url>
		<link>internal</link>
		<featured>false</featured>
	</changelog>
	<changelog>
		<date>November 5, 2013</date>
		<heading>UI and Database Fixes</heading>
		<news>
			<![CDATA[
			- Added FAQ under the About menu with the same look and feel from the RDE.  Content is under development<br>
			- Fixed map display for transportable platforms<br>
			- Fixed day light saving time in the database 
			]]>
		</news>
		<url>/changeLog.jsp</url>
		<link>internal</link>
		<featured>false</featured>
	</changelog>
	<changelog>
		<date>October 31, 2013</date>
		<heading>VDT and UI Fixes</heading>
		<news>
			<![CDATA[
			- Fixed VDT temperature readings<br>
			- Fixed header and quality check flag printout in query/subscription result<br>
			- Masked the password for subscription results<br>
			- Changed the color of the Subscribe button 
			]]>
		</news>
		<url>/changeLog.jsp</url>
		<link>internal</link>
		<featured>false</featured>
	</changelog>
	<changelog>
		<date>October 29, 2013</date>
		<heading>VDT Integration</heading>
		<news>
			<![CDATA[
			- Integrated VDT quality checked probe data
			]]>
		</news>
		<url>/changeLog.jsp</url>
		<link>internal</link>
		<featured>false</featured>
	</changelog>
	<changelog>
		<date>October 21, 2013</date>
		<heading>UI Bug Fixes</heading>
		<news>
			<![CDATA[
			- Removed special HTML characters from the feedback description<br>
			- Removed Observation.jsp link from the mini menu<br>
			- Fixed the adjustable height in the showQueryResults.jsp
			]]>
		</news>
		<url>/changeLog.jsp</url>
		<link>internal</link>
		<featured>false</featured>
	</changelog>
	<changelog>
		<date>October 16, 2013</date>
		<heading>New UI Updates</heading>
		<news>
			<![CDATA[
			- Added About menu<br />
			- Linked Terms of Use<br />
			- Linked Change Log<br />
			- Moved Data Sources from the Admin menu to the About menu<br />
			- Fixed IE8 cache bug<br />
			- Various UI fixes<br />
			- Fixed user edit bug<br />
			- Fixed sensor metadata problems<br />
			]]>
		</news>
		<url>/changeLog.jsp</url>
		<link>internal</link>
		<featured>false</featured>
	</changelog>
	<changelog>
		<date>September 13, 2013</date>
		<heading>WxDE CBT</heading>
		<news>
			The WxDE 1.0 opens closed beta access to USDOT users for review and comment.
			Open beta will follow after closed beta testing.
		</news>
		<url>/newsPage.jsp</url>
		<link>internal</link>
		<featured>false</featured>
	</changelog>
	<changelog>
		<date>July 20, 2013</date>
		<heading>RWM Stakeholder Meeting</heading>
		<news>
			The 2013 Road Weather Management Stakeholder 
			Meeting was held July 16 through July 18 in 
			Little Rock, Arkansas. 
		</news>
		<url>http://www.its.dot.gov/meetings/roadweather_meeting_stakeholder2013.htm</url>
		<link>external</link>
		<featured>true</featured>
	</changelog>
	<changelog>
		<date>July 16, 2013</date>
		<heading>WxDE Interim Instance Opened</heading>
		<news>
			The WxDE Interim Instance was opened for business 
			and its availability was announced at the 
			2013 Road Weather Management Stakeholder Meeting. 
		</news>
		<url>/newsPage.jsp</url>
		<link>internal</link>
		<featured>true</featured>
	</changelog>
</changelogs>