staticid,name,title,orgid,phoneprimary,phonealt,phonemobile,fax,email,address1,address2,city,state,zip,country
1,Mr. Jack Stickel,Highway Database Manager,1,9074656998,9074654070,,,jack_stickel@dot.state.ak.us,Division of Program Development,"3132 Channel Drive, Room 200",Juneau,AK,99801,USA
2,Mr. Curt Pape,State Prog Admin Principal,2,6512971798,6512963054,,6512977576,Curt.Pape@dot.state.mn.us,Office of Maintenance - Mailstop 700,395 John Ireland Boulevard,St. Paul,MN,55155-1899,USA
3,Mr. Ralph Patterson,Weather/RWIS Operations Manager,3,8018873735,8019654000,,,ralphpatterson@utah.gov,4501 South 2700 West,Mail Stop 141200,Salt Lake City,UT,84114-1200,USA
4,Mr. Chris Fiebrich,Manager of the Oklahoma Mesonet,4,4053256877,4053252541,,4053252550,chris@mesonet.org,120 David L. Boren Blvd.,Suite 2900,Norman,OK,73072-7305,USA
5,Mr. Bernie Fleig,,5,3017131975,,,3017130173,Bernie.Fleig@noaa.gov,NWS Headquarters,W/OST1,Silver Spring,MD,,USA
6,Dr. Renee McPherson,Associate Director,4,4053252541,4053252583,,4053252550,renee@ou.edu,120 David L. Boren Blvd.,Suite 2900,Norman,OK,73072-7305,USA
7,Mr. James Kilby,"Field Manager, Oklahoma Mesonet",4,4053252541,,,4053252550,jkilby@ou.edu,120 David L. Boren Blvd.,Suite 2900,Norman,OK,73072-7305,USA
8,Brian Laird,Capital Planning Engineer,66,8676337927,,,,brian.laird@gov.yk.ca,461 Range Road,Box 2703,Whitehorse,YT,Y1A 3A8,CAN
9,Allan Lo,Intelligent Transportation Systems Engineer,55,7804151021,,,7804222027,allan.lo@gov.ab.ca,4999 98th Ave.,2nd Floor,Edmonton,AB,T6B 2X3,CAN
10,Bill Cornett,Snow and Ice Coordinator,20,3172325506,,3176906029,3172325551,wcornett@indot.IN.gov,100 N. Senate Ave,,Indianapolis,IN,46204,USA
11,Dennis Belter,Maintenance Administration Manager,20,3172325424,,3177536620,3172325551,dbelter@indot.IN.gov,100 N. Senate Ave,,Indianapolis,IN,46204,USA
12,Kirk Carpenter,Snow and Ice Supervisor,20,3172345048,,3176505767,3172325551,kcarpenter@indot.IN.gov,100 N. Senate Ave,,Indianapolis,IN,46204,USA
16,Tim Peters,Equipment Chief,19,2177827234,,,,Tim.Peters@illinois.gov,2300 S Dirksen Pky,Room 009,Springfiled,IL,62764,USA
13,Kent Wetzstein,Winter Maintenance Coordinator,18,2083348472,,,,kent.wetzstein@itd.idaho.gov,3293 Jordan St.,,Boise,ID,83702,USA
14,Bob Koeberlein,Mobility Services Engineer,18,2083348487,,,,robert.koeberlein@itd.idaho.gov,PO Box 7129,,Boise,ID,83707,USA
15,Simon Walker,Avalanche and Maintenance Weather Specialist,56,2503877518,,2508964600,2503568143,simon.walker@gov.bc.ca,4C-940 Blanshard St.,"Box 9850, Stn Prov Govt",Victoria,BC,V8W9T5,CAN
17,Harold Dameron,Maintenance Services,19,2177827228,,,,Harold.Dameron@illinois.gov,2300 S Dirksen Pky,Room 009,Springfiled,IL,62764,USA
18,Paul Kernan,OPS Field Tech,19,3099455015,,,,Paul.Kernan@illinois.gov,828 N College Av,,Geneseo,IL,61254,USA
19,Michael J. Adams,RWIS Program Manager,53,6082665004,,,,michael.adams@dot.state.wi.us,WisDOT-BHO,PO Box 7986,Madison,WI,53711,USA
20,Abner Johnson,State RWIS Coordinator,40,6144664859,,,,Abner.Johnson@dot.state.oh.us,1980 W. Broad St.,,Columbus,OH,43223,USA
21,Diana Clonch,State Snow & Ice Coordinator,40,6146447159,,,,Diana.Clonch@dot.state.oh.us,1980 W. Broad St.,,Columbus,OH,43223,USA
22,Scott Roeder,Transportation Technician 3,40,6147526109,,,,Scott.Roeder@dot.state.oh.us,1980 W. Broad St.,,Columbus,OH,43223,USA
23,Andrew Griesdorn,Transportation Engineer 1,40,6146441951,,,,Andrew.Griesdorn@dot.state.oh.us,1980 W. Broad St.,,Columbus,OH,43223,USA
27,Theresa Bousliman,Network Systems Analyst,31,4064449203,,,,tbousliman@mt.gov,2701 Prospect Avenue,PO Box 201001,Helena,MT,59620-1001,USA
24,Ed Ryen,ITS Engineer,39,7013284274,7013282545,7013910795,7013284623,eryen@nd.gov,608 E. Boulevard Ave,,Bismark,ND,58505-0700,USA
25,Leon Essler,ESS Technician,39,7013286972,,,,lessler@nd.gov,,,,ND,,USA
26,Darrell Slag,Server Administrator,39,7013282511,,,,dslag@nd.gov,,,,ND,,USA
28,Gene Martin,Sr. Transportation Engineer,50,8047864168,,8043705037,,E.Martin@VDOT.Virginia.gov,1401 E. Broad St.,Operations and Security Division,Richmond,VA,23219,USA
29,Paul Brown,Dir of Snow and Ice Operation,27,6179737792,,6172795124,6179738037,Paul.Brown@state.ma.us,10 Park Plaza,,Boston,MA,2116,USA
30,Bassam Salfity,Snow and Ice Engineer,27,6179737305,,6172795183,6179738037,Bassam.Salfity@MHD.state.ma.us,10 Park Plaza,,Boston,MA,2116,USA
31,Ben Barella,Quixote Corporation,27,3147051496,,3147051496,3145693567,Benny.Borrelli@quixotecorp.com,11612 Lilburn Park Rd,,St. Louis,MO,63146,USA
32,Archie Allan,WSDOT Regional Service Repair Contact,51,4257393700,,,,allenar@wsdot.wa.gov,10833 Northrup Way NE,,Bellevue,WA,98004,USA
33,Matt Neeley,Transportation Engineer,51,3607057297,,,,neeleym@wsdot.wa.gov,"310 Maple Park Ave., SE.",,Olympia,WA,98504,USA
34,Dalyce Ronnau,Operations & Maintenance,32,4024794544,,,,dronnau@dor.state.ne.us,PO Box 94759,,Lincoln,NE,68509-4759,USA
35,Robert White,Director of ConnectVermont,47,8022822781,,,8088282848,RobertT.White@state.vt.us,One National Life Drive,,Montpelier,VT,05633-5001,USA
36,Jon Becker,,46,6057736242,,,,jon.becker@state.sd.us,700 E Broadway Ave,,Pierre,SD,57501,USA
37,Mark King,,46,6057733695,,,,mark.king@state.sd.us,700 E Broadway Ave,,Pierre,SD,57501,USA
38,Dave Huft,,46,6057733358,,,,dave.huft@state.sd.us,700 E Broadway Ave,,Pierre,SD,57501,USA
39,Mandy Chu,Senior Transportation Engineer,11,9166547656,,,9166549977,mandy_chu@dot.ca.gov,"1227 O Street, MS-83",`,Sacramento,CA,95814,USA
40,David Gray,Project Lead Consultant,14,3026326483,,,,david.gray@state.de.us,DelDOT TMC,165 Brick Store Landing Rd.,Smyrna,DE,19977,USA
41,Don Hass,"Sr. Architect, Developer Consultant",14,3026594617,,,,don.hass@state.de.us,DelDOT TMC,165 Brick Store Landing Rd.,Smyrna,DE,19977,USA
42,Darrell Bingham,TTG Support Manager,9,6027126439,,,6024959013,DBingham@azdot.gov,2302 W Durango St,,Phoenix,AZ,85009,USA
43,Jon Lovell,ADOT Project Manager,9,6023095744,,,6024959013,JLovell@azdot.gov,2302 W Durango St,,Phoenix,AZ,85009,USA
44,Randy Pierce,Telecom Administrator,15,8504105608,8504105600,,8504105501,randy.pierce@dot.state.fl.us,605 Suwannee St. MS 90,,Tallahassee,FL,32399,USA
45,Russell Allen,Senior Consultant,15,8504105626,8504105600,,8504105501,russell.allen@dot.state.fl.us,605 Suwannee St. MS 90,,Tallahassee,FL,32399,USA
46,Mark Hunter,Assist. State Maintenance,45,803737120,,,,HunterMW@dot.state.sc,955 Park St.,PO Box 191,Columbia,SC,29202,USA
47,Vince Garcia,GIS/ITS Program Manager,54,3077774231,,,,vince.garcia@dot.state.wy.us,5300 Bishop Blvd.,,Cheyenne,WY,82009,USA
48,Monica Deleon,ITS Maintenance Tech,54,3074733375,,,,monica.deleon@dot.state.wy.us,900 Bryan Stock Trail,,Casper,WY,82601,USA
49,Brian Peel,ITS Development Supervisor,54,3077452146,,,,brian.peel@dot.state.wy.us,3507 S. 3rd Street,,Laramie,WY,82070,USA
50,Dave Rossbach,CHART ITS Project Manager,26,4105825545,,,,drossbach@sha.state.md.us,7491 Connelley Drive,,Hanover,MD,21076,USA
52,David Cornett,"Asst Director, Roadside Mgr",23,5025644556,,,,davidp.cornett@ky.gov,"Division of Maintenance, 3rd Floor",200 Mero Street,Frankfort,KY,40622,USA
53,Glenn Anderson,KY Transportation Cabinet,23,5025649900,,,,glenn.anderson@mail.state.ky.us,Division of Traffic Operations,200 Mero Street,Frankfort,KY,40622,USA
54,Ron Maas,"Data, Communications Manager",67,8153344974,,,8153344974,rcmaas@co.mchenry.il.us,,,,IL,,USA
55,Ed Markison,Assistant Maintenance Superintendent,67,8153344973,,,8153344973,ecmarkison@co.mchenry.il.us,,16111 Nelson Road,Woodstock,IL,60098,USA
56,Dawn Gustafson,Superior Region Traffic and Safety Engr,28,9067861830,,9062800797,,gustafsond@michigan.gov,1818 3rd Avenue North,,Escanaba,MI,49829,USA
57,Phillip Anderle,,12,,,,,Phillip.Anderle@dot.state.co.us,,,,CO,,USA
58,Rajat Chaudhuri,,12,,,3038882315,,Rajat.Chaudhuri@dot.state.co.us,,,,CO,,USA
59,Brendon Hoch,Technology Manager,34,6055352818,,,6035352723,bhoch@plymouth.edu,"MSC48, Boyd Hall 321A",Plymouth State University,Plymouth,NH,3264,USA
60,Adam Bradford,ITS Designer,42,5039863475,,,,adam.p.bradford@odot.state.or.us,800 Airport Rd SE,,Salem,OR,97301,USA
61,Troy Whitworth,Bureau of Construction and Maintenance,22,7852967140,,,7852960999,Troy@ksdot.org,700 S.W. Harrison Street,,Topeka,KS,66603,USA
62,Dave Bowlby,,35,6093528943,,,,David.Bowlby@dot.state.nj.us,,,,NJ,,USA
63,John Domina,ITS Planner,33,7758887864,,,,jdomina@dot.state.nv.us,1263 S. Stewart St.,,Carson City,NV,89712,USA
64,Bruce E. Kenney III,ITS Coordinator/Systems Management Engineer,52,3045589449,,,3045581209,Bruce.E.Kenney@wv.gov,1900 Kanawha Blvd. East,"Building 5, Room 550",Charleston,WV,25305-0430,USA
65,Clifton Curtis,,25,2076243568,,,2076243001,Clifton.Curtis@maine.gov,Child Street,16 State House Station,Augusta,ME,04333-0016,USA
66,Tim Jackson,Maintenance Liaison Engineer,30,5735261884,,5736903271,5735264868,Timothy.Jackson@modot.mo.gov,PO Box 270,,Jefferson City,MO,65102,USA
67,Erin Kremer,Lead Information Systems Technologist,30,5735263271,,,5737512839,Erin.Kremer@modot.mo.gov,PO Box 270,,Jefferson City,MO,65102,USA
68,Tina Greenfield,RWIS Coordinator,21,5152337746,,,,Tina.Greenfield@dot.iowa.gov,,,,,,
69,Joe Holt,Transportation Manager 2,47,6155323825,,,,joe.holt@state.tn.us,Maintenance Division,400 James K. Polk Bldg,Nashville,TN,37243-0333,USA
70,Phillip Woodhams,AMEC - Vendor,59,,,,,philip.woodhams@amec.com,,,,,,
71,Garrett Dawe,MDOT - North Region - Pavement Management Engr,28,9897315090,,,9897310536,daweg@michigan.gov,1088 M-32 East,,Gaylord,MI,49735,USA
72,John DiRuggiero,,36,5054902561,,,,john.diruggiero@state.nm.us,,,,,,
