"id","csvcId","collectDelay","retryFlag","collectTzId","contentTzId","timestampId","skipLines","delimiter","newline","stationCode","filepath"
75,24,1140,1,0,0,1,1,"","","","'OB.YT.HPW.FOXFARMROAD.'yyyyMMddHHmm'.csv'"
74,24,540,1,0,0,1,1,"","","","'OB.YT.HPW.FISHLAKEROAD.'yyyyMMddHHmm'.csv'"
73,23,0,0,0,0,3,1,"","","","'fromvaisala/ExpSf_wi.txt'"
72,23,0,0,0,0,3,1,"","","","'fromvaisala/ExpAtmos_wi.txt'"
103,39,480,1,0,0,9,3," ","","","'data/public/okc/mdf/'yyyy'/'MM'/'dd'/'yyyyMMddHHmm'.mdf'"
71,22,0,0,0,0,6,1,"","","","'incoming/rwis/ScanwebData/wind.txt'"
70,22,0,0,0,0,6,1,"","","","'incoming/rwis/ScanwebData/visiblity.txt'"
69,22,0,0,0,0,6,1,"","","","'incoming/rwis/ScanwebData/surface.txt'"
68,22,0,0,0,0,6,1,"","","","'incoming/rwis/ScanwebData/subtemp.txt'"
1,1,3660,1,0,0,1,1,"","","","'OB.BC.MOT.BC_GRP_01.'yyyyMMddHH'58.csv'"
2,1,3660,1,0,0,1,1,"","","","'OB.BC.MOT.BC_GRP_02.'yyyyMMddHH'58.csv'"
3,1,3660,1,0,0,1,1,"","","","'OB.BC.MOT.BC_GRP_03.'yyyyMMddHH'58.csv'"
4,1,3660,1,0,0,1,1,"","","","'OB.BC.MOT.BC_GRP_04.'yyyyMMddHH'58.csv'"
5,1,3660,1,0,0,1,1,"","","","'OB.BC.MOT.BC_GRP_05.'yyyyMMddHH'58.csv'"
7,3,317,1,-9001,0,2,1,"","","","'stwdplng/iways/rwis/ExpAtmos'yyyyMMdd.HHmm'.txt'"
8,3,317,1,-9001,0,2,1,"","","","'stwdplng/iways/rwis/ExpSurface'yyyyMMdd.HHmm'.txt'"
9,4,1500,1,0,0,1,1,"","","","'OB.AB.TLVT.ALB_GRP_01.'yyyyMMddHHmm'.csv'"
10,4,1500,1,0,0,1,1,"","","","'OB.AB.TLVT.ALB_GRP_02.'yyyyMMddHHmm'.csv'"
11,4,1500,1,0,0,1,1,"","","","'OB.AB.TLVT.ALB_GRP_03.'yyyyMMddHHmm'.csv'"
12,4,1500,1,0,0,1,1,"","","","'OB.AB.TLVT.ALB_GRP_04.'yyyyMMddHHmm'.csv'"
13,5,0,0,0,0,3,1,"","","","'fromvaisala/atmosphericdata.txt'"
14,5,0,0,0,0,3,1,"","","","'fromvaisala/surfacedata.txt'"
15,6,0,0,0,0,3,1,"","","","'travel/dist_03/weather/AtmosphericData.txt'"
16,7,0,0,0,0,4,1,"","","","'atmospheric.txt'"
17,7,0,0,0,0,4,1,"","","","'subsurface.txt'"
18,7,0,0,0,0,4,1,"","","","'surface.txt'"
19,8,0,0,0,0,2,1,"","

","","'ExpApAirData.txt'"
20,8,0,0,0,0,2,1,"","

","","'ExpSfData.txt'"
21,9,0,0,0,0,3,1,"","","","'fromvaisala/RWIS_Atmos.txt'"
22,9,0,0,0,0,3,1,"","","","'fromvaisala/RWIS_Surface.txt'"
23,10,0,0,0,0,3,1,"","","","'/INDOT/RWIS/AtmosphericData.txt'"
24,10,0,0,0,0,3,1,"","","","'/INDOT/RWIS/SurfaceData.txt'"
25,11,0,0,0,0,3,1,"","","","'/INDOT/RWIS/AtmosphericData.txt'"
26,11,0,0,0,0,3,1,"","","","'/INDOT/RWIS/SurfaceData.txt'"
27,12,180,0,0,0,4,1,"","","","'RWISCLARUSA'yyyyMMddHHmm'.CSV'"
28,12,180,0,0,0,4,1,"","","","'RWISCLARUSS'yyyyMMddHHmm'.CSV'"
29,13,60,1,0,0,5,0,"","","","'RWISexport/ssi.atmos.'yyyyMMdd.HHmm'.txt'"
30,13,60,1,0,0,5,0,"","","","'RWISexport/ssi.sub.'yyyyMMdd.HHmm'.txt'"
31,13,60,1,0,0,5,0,"","","","'RWISexport/ssi.surface.'yyyyMMdd.HHmm'.txt'"
32,14,0,0,0,0,4,2,"","","","'rwis/all/atmospheric.csv'"
33,14,0,0,0,0,4,2,"","","","'rwis/all/sub.csv'"
34,14,0,0,0,0,4,2,"","","","'rwis/all/surface.csv'"
35,15,0,0,0,0,3,1,"","","","'Atmos.txt'"
36,15,0,0,0,0,3,1,"","","","'Sf.txt'"
37,16,0,0,0,0,3,1,"","","","'AtmosphericData.txt'"
38,16,0,0,0,0,3,1,"","","","'SurfaceData.txt'"
39,17,0,0,0,0,5,1,"","","","'pub/doit/ssi_rwis/SSIExpAtmos582.txt'"
40,17,0,0,0,0,5,1,"","","","'pub/doit/ssi_rwis/SSIExpSf582.txt'"
112,45,0,0,0,0,3,1,"","","","'SurfaceData.txt'"
111,45,0,0,0,0,3,1,"","","","'AtmosphericData.txt'"
109,43,0,0,0,0,11,0,"","","","'or.csv'"
108,42,0,0,0,0,3,1,"","","","'NH_ExpSurfaceDataRaw.txt'"
107,42,0,0,0,0,3,1,"","","","'NH_ExpAtmosDataRaw.txt'"
106,41,300,0,0,0,12,1,"","","","'/nws.csv'"
105,40,420,0,0,0,1,0,"","","","'/ut-road.csv'"
64,21,0,0,0,0,1,1,"","","","'va-ntcip.csv'"
65,22,0,0,0,0,6,1,"","","","'incoming/rwis/ScanwebData/air.txt'"
66,22,0,0,0,0,6,1,"","","","'incoming/rwis/ScanwebData/bar.txt'"
67,22,0,0,0,0,6,1,"","","","'incoming/rwis/ScanwebData/precip.txt'"
76,24,840,1,0,0,1,1,"","","","'OB.YT.HPW.LONEMOOSELANE.'yyyyMMddHHmm'.csv'"
77,25,0,0,0,0,1,1,"","","","'id-ntcip.csv'"
78,26,0,0,0,0,7,0,"","","","'fl.csv'"
79,27,0,0,0,0,8,0,"","","","'ky.csv'"
80,28,542,1,0,0,9,3," ","","","'data/public/mesonet/mdf/'yyyy'/'MM'/'dd'/'yyyyMMddHHmm'.mdf'"
81,29,0,0,0,0,1,1,"","","","'sd-xml.csv'"
82,30,0,0,0,0,10,0,"","","","'rWeather/SSI_DATA.dat'"
83,30,0,0,0,0,10,0,"","","","'rWeather/SSI_SF_DATA.dat'"
84,31,0,0,0,0,3,1,"","","","'ExpAtmosData.txt'"
85,31,0,0,0,0,3,1,"","","","'ExpSurfaceData.txt'"
86,32,120,0,0,0,4,1,"","","","'RWISMIDOTA'yyyyMMddHHmm'.CSV'"
87,32,120,0,0,0,4,1,"","","","'RWISMIDOTS'yyyyMMddHHmm'.CSV'"
88,33,0,0,0,0,3,1,"","","","'fromvaisala/Clarus_Atmos363.txt'"
89,33,0,0,0,0,3,1,"","","","'fromvaisala/Clarus_Surface363.txt'"
90,34,0,0,0,0,1,1,"","","","'vt-ntcip.csv'"
91,35,0,0,0,0,3,1,"","","","'AtmosphericData707.txt'"
92,35,0,0,0,0,3,1,"","","","'SurfaceData707.txt'"
99,37,0,0,0,0,3,1,"","","","'AtmosphericData.txt'"
100,37,0,0,0,0,3,1,"","","","'SurfaceData.txt'"
101,38,0,0,0,0,3,1,"","","","'fromvaisala/Clarus_Atmos665.txt'"
102,38,0,0,0,0,3,1,"","","","'fromvaisala/Clarus_Surface665.txt'"
104,40,420,0,0,0,1,0,"","","","'/ut-atmo.csv'"
113,59,0,0,0,0,3,1,"","","","'fromvaisala/Clarus_Atmosnj.txt'"
114,59,0,0,0,0,3,1,"","","","'fromvaisala/Clarus_Surfacenj.txt'"
115,60,0,0,0,-8001,3,1,"","","","'ExpAtmosData.txt'"
116,60,0,0,0,-8001,3,1,"","","","'ExpSurfData.txt'"
117,61,0,0,0,-6001,4,1,"","","","'miniExportM1.csv'"
119,64,0,0,0,0,3,1,"","","","'ExpAtmosMO.txt'"
120,64,0,0,0,0,3,1,"","","","'ExpSurfaceMO.txt'"
121,61,0,0,0,-6001,4,1,"","","","'miniExportM2.csv'"
122,61,0,0,0,-6001,4,1,"","","","'portableExportP3.csv'"
123,61,0,0,0,-6001,4,1,"","","","'portableExportP2.csv'"
124,61,0,0,0,-6001,4,1,"","","","'portableExportPT.csv'"
125,65,0,0,0,0,3,1,"","","","'AtmosphericData.txt'"
126,65,0,0,0,0,3,1,"","","","'SurfaceData.txt'"
118,62,0,0,0,0,12,1,"","","","'/nws2.csv'"
127,69,0,0,0,0,3,1,"","","","'Atmospheric670.txt'"
128,69,0,0,0,0,3,1,"","","","'Surface670.txt'"
129,6,0,0,0,0,3,1,"","","","'travel/dist_03/weather/SurfaceData.txt'"
130,72,0,0,0,0,11,1,"","","","'wisdot/Wisconsin_River.csv'"
131,73,0,0,0,0,11,1,"","","","'wisdot/Stevens_Point.csv'"
132,36,0,0,0,0,11,1,"","","1-1-0-1","'1-1-0-1.csv'"
133,36,0,0,0,0,11,1,"","","1-5-0-1","'1-5-0-1.csv'"
134,36,0,0,0,0,11,1,"","","2-6-0-1","'2-6-0-1.csv'"
135,36,0,0,0,0,11,1,"","","4-4-0-1","'4-4-0-1.csv'"
137,36,0,0,0,0,11,1,"","","6-1-0-1","'6-1-0-1.csv'"
138,36,0,0,0,0,11,1,"","","6-3-0-1","'6-3-0-1.csv'"
139,36,0,0,0,0,11,1,"","","6-4-0-1","'6-4-0-1.csv'"
140,36,0,0,0,0,11,1,"","","7-3-0-1","'7-3-0-1.csv'"
141,36,0,0,0,0,11,1,"","","8-5-0-1","'8-5-0-1.csv'"
142,36,0,0,0,0,11,1,"","","9-1-0-1","'9-1-0-1.csv'"
143,36,0,0,0,0,11,1,"","","9-6-0-1","'9-6-0-1.csv'"
144,36,0,0,0,0,11,1,"","","9-7-0-1","'9-7-0-1.csv'"
145,36,0,0,0,0,11,1,"","","9-7-0-2","'9-7-0-2.csv'"
146,36,0,0,0,0,11,1,"","","10-1-0-1","'10-1-0-1.csv'"
147,36,0,0,0,0,11,1,"","","10-3-0-1","'10-3-0-1.csv'"
148,36,0,0,0,0,11,1,"","","10-6-0-1","'10-6-0-1.csv'"
149,36,0,0,0,0,11,1,"","","1-1-1-1","'1-1-1-1.csv'"
150,36,0,0,0,0,11,1,"","","3-4-1-1","'3-4-1-1.csv'"
151,36,0,0,0,0,11,1,"","","4-3-1-1","'4-3-1-1.csv'"
152,36,0,0,0,0,11,1,"","","6-2-1-1","'6-2-1-1.csv'"
136,36,0,0,0,0,11,1,"","","5-2-0-1","'5-2-0-1.csv'"
153,36,0,0,0,0,11,1,"","","6-1-1-1","'6-1-1-1.csv'"
154,36,0,0,0,0,11,1,"","","6-1-2-1","'6-1-2-1.csv'"
155,36,0,0,0,0,11,1,"","","6-2-0-1","'6-2-0-1.csv'"
156,36,0,0,0,0,11,1,"","","6-3-1-1","'6-3-1-1.csv'"
157,36,0,0,0,0,11,1,"","","9-1-0-2","'9-1-0-2.csv'"
158,36,0,0,0,0,11,1,"","","9-1-0-3","'9-1-0-3.csv'"
159,36,0,0,0,0,11,1,"","","9-1-0-4","'9-1-0-4.csv'"
160,36,0,0,0,0,11,1,"","","4-3-T-E","'4-3-T-E.csv'"
161,36,0,0,0,0,11,1,"","","6-2-2-1","'6-2-2-1.csv'"
162,36,0,0,0,0,11,1,"","","1-4-1-1","'1-4-1-1.csv'"
165,74,307,0,0,-6001,1,0,"","","","'MNmobi/VaiX/'yyyyMMdd'/VaiX-'yyyyMMdd-HHmm'.txt'"
164,75,0,0,0,-8001,3,2,"","","","'Transmitted%20Data/Clarus/All_Vehicles.txt'"
260201,2602,0,0,0,-5001,3,0,"","","","'MImobi/'yyyyMM'/'ddMMyyyy'.csv'"
