<?xml version="1.0" encoding="UTF-8"?>
<faqs>
	<faq>
		<id>1</id>
		<question>
			What is the Research Data Exchange?
		</question>
		<answer>
			The Research Data Exchange is a core element of the USDOT's 
			Data Capture and Management Program. The Research Data Exchange 
			is intended to support research, analysis, application 
			development, and testing. As a research tool, it does not 
			directly support operations of traffic management or other 
			operational systems. However the concepts and lessons learned 
			from the project will be useful in developing operational 
			systems exploiting concepts of mobile communications and 
			connected vehicles.
		</answer>
		<category>WDE</category>
		<visible>true</visible>
	</faq>
	<faq>
		<id>2</id>
		<question>
			What is a Data Set? 
		</question>
		<answer>
			A data set contains a certain type of data, such as highway detector 
			data or traffic signal timing data or weather data. There are two data set types, 
			archive and real-time. An archive data set contains at least one data file and might 
			contain a metadata document describing the data set. No real-time data set is currently 
			available from the RDE. Once the real-time data feed is available the RDE users will 
			be able to use the sample RDE API application to stream the data into the desired destination. 
		</answer>
		<category>DATARR</category>
		<visible>true</visible>
	</faq>
	<faq>
		<id>3</id>
		<question>
			Why should I register?
		</question>
		<answer>
			Registered Users have read/write access to the Research Data Exchange community resources.
			<![CDATA[
			<ul>
				<li>Download data files</li>
				<li>Create new research projects or view existing research projects</li>
				<li>Make comments on the data sets</li>
			</ul>
			]]>
		</answer>
		<category>REG</category>
		<visible>true</visible>
	</faq>
	<faq>
		<id>4</id>
		<question>
			What kind of documentation is provided on data available in the RDE?
		</question>
		<answer>
			Documentation for the RDE data comes in two forms. Data Environment metadata 
			documentation files are provided for each data environment in the RDE. 
			They are in ASTM 2468-05 standard format, so they are uniform in content, 
			structure, and format. They contain information about the overall data 
			environment and detailed metadata about each data element in the data files. 
			Some data environments have additional documentation files that were provided 
			by the data contributors. These files vary in format and content, but can be 
			very useful since they typically go into more detail about how the data were 
			collected and processed, and provide more background information about the 
			data environment. These additional files may be found at the Data Environment 
			or Data Set level.
		</answer>
		<category>DATASPEC</category>
		<visble>true</visble>
	</faq>
	<faq>
		<id>5</id>
		<question>
			How is my privacy protected as an WDE user?
		</question>
		<answer>
			Information on RDE registered users is used only for purposes related to RDE 
			operations. Summary statistics on RDE usage are gathered for program 
			evaluation purposes. Statistics on general categories of users may be 
			gathered (e.g., academic, private sector, government) but individual user 
			statistics are not gathered.
		</answer>
		<category>PVCY</category>
		<visble>true</visble>
	</faq>
	<faq>
		<id>6</id>
		<question>
			How do I register my research project? 
		</question>
		<answer>
			To register a research project you must first be registered on the RDE website. Once you are registered and logged in, go to Data -> Research Projects and click on the link at the bottom right “Create Research Project”. Fill out the information about your research project and click “Submit”. After your Research Project is submitted, RDE administrators will evaluate your project. If it meets the RDE goals, you will receive an email that your project has been approved and it will be added to the list of projects.
		</answer>
		<category>RESTOP</category>
		<visble>true</visble>
	</faq>
</faqs>