contributor name,platformcode,,,
KS_State_DOT or KS_Turnpike_KTA,123020,,,
KS_State_DOT or KS_Turnpike_KTA,505005,,,
KS_State_DOT or KS_Turnpike_KTA,505006,,,
KS_State_DOT or KS_Turnpike_KTA,505007,,,
KS_State_DOT or KS_Turnpike_KTA,505009,,,
KS_State_DOT or KS_Turnpike_KTA,541007,,,
IN_State_DOT or IN_City_INDY,356000,,,
IN_State_DOT or IN_City_INDY,356001,,,
IN_State_DOT or IN_City_INDY,356002,,,
IN_State_DOT or IN_City_INDY,356003,,,
IN_State_DOT or IN_City_INDY,356004,,,
IN_State_DOT or IN_City_INDY,356005,,,
IN_State_DOT or IN_City_INDY,356006,,,
IN_State_DOT or IN_City_INDY,356007,,,
IN_State_DOT or IN_City_INDY,356008,,,
IN_State_DOT or IN_City_INDY,356009,,,
IN_State_DOT or IN_City_INDY,356010,,,
IN_State_DOT or IN_City_INDY,356011,,,
IN_State_DOT or IN_City_INDY,356012,,,
IN_State_DOT or IN_City_INDY,356013,,,
IN_State_DOT or IN_City_INDY,356014,,,
IN_State_DOT or IN_City_INDY,356015,,,
IN_State_DOT or IN_City_INDY,356016,,,
IN_State_DOT or IN_City_INDY,356017,,,
IN_State_DOT or IN_City_INDY,356018,,,
IN_State_DOT or IN_City_INDY,356019,,,
IN_State_DOT or IN_City_INDY,356020,,,
IN_State_DOT or IN_City_INDY,356021,,,
IN_State_DOT or IN_City_INDY,356022,,,
IN_State_DOT or IN_City_INDY,356023,,,
IN_State_DOT or IN_City_INDY,356024,,,
IN_State_DOT or IN_City_INDY,356025,,,
IN_State_DOT or IN_City_INDY,356026,,,
IN_State_DOT or IN_City_INDY,356027,,,
IN_State_DOT or IN_City_INDY,356028,,,
IN_State_DOT or IN_City_INDY,575001,,,
IN_State_DOT or IN_City_INDY,575002,,,
IN_State_DOT or IN_City_INDY,575004,,,
IN_State_DOT or IN_City_INDY,575005,,,
IL_State_DOT or IL_County_McHenry, 558-3 ,,,
IL_State_DOT or IL_County_McHenry, 558-9 ,,,
IL_State_DOT or IL_County_McHenry, 584-6 ,,,
IL_State_DOT or IL_County_McHenry, 587-7 ,,,
AK_State_DOT, 351-59 ,,,
AK_State_DOT, 351-63 ,,,
AK_State_DOT, 351-64 ,,,
AK_State_DOT, 351-65 ,,,
AK_State_DOT, 351-66 ,,,
AK_State_DOT, 351-67 ,,,
MN_State_DOT,204518,,,
MN_State_DOT,204569,,,
MN_State_DOT,207501,,,
MN_State_DOT,212510,,,
MN_State_DOT,212513,,,
MN_State_DOT,212529,,,
MN_State_DOT,212559,,,
MN_State_DOT,212568,,,
MN_State_DOT,212575,,,
MN_State_DOT,213502,,,
MN_State_DOT,213558,,,
MN_State_DOT, 330-38 ,,,
MN_State_DOT, 330-45 ,,,
MN_State_DOT, 330-96 ,,,
MN_State_DOT, Trk 0407 ,,,
MN_State_DOT, Trk 0424 ,,,
UT_State_DOT, BeaverRidge ,,,
UT_State_DOT, BeerCreek ,,,
UT_State_DOT, BrianHead ,,,
UT_State_DOT, Cardiff ,,,
UT_State_DOT, Coalville ,,,
UT_State_DOT, DanielsSummit ,,,
UT_State_DOT, DannonWay ,,,
UT_State_DOT, DevilsSlide ,,,
UT_State_DOT, FishCreek ,,,
UT_State_DOT, I-15@6200S ,,,
UT_State_DOT, I-15@Orem ,,,
UT_State_DOT, I-15@Provo ,,,
UT_State_DOT, Juniper ,,,
UT_State_DOT, LoganSummit ,,,
UT_State_DOT, Parley'sCanyonMP131 ,,,
UT_State_DOT, PortableRWIS ,,,
UT_State_DOT, PortableRWIS_3 ,,,
UT_State_DOT, PortableRWIS_4 ,,,
UT_State_DOT, PortableRWIS_5 ,,,
UT_State_DOT, PortableTraffic_1 ,,,
UT_State_DOT, PortableTraffic_2 ,,,
UT_State_DOT, SevierRiver ,,,
UT_State_DOT, Wanship ,,,
UT_State_DOT, WolfCreek ,,,
CA_State_DOT,365012,,,
CA_State_DOT,365013,,,
CA_State_DOT,365014,,,
CA_State_DOT,365016,,,
CA_State_DOT,365017,,,
CA_State_DOT,365018,,,
CA_State_DOT,365019,,,
CA_State_DOT,365020,,,
CA_State_DOT,365021,,,
CA_State_DOT,365022,,,
CA_State_DOT,365024,,,
CA_State_DOT,365025,,,
CA_State_DOT,365026,,,
CA_State_DOT,365028,,,
CA_State_DOT,365030,,,
CA_State_DOT,365031,,,
CA_State_DOT,365032,,,
CA_State_DOT,549014,,,
CA_State_DOT,549015,,,
CA_State_DOT,549016,,,
CA_State_DOT,549017,,,
CO_State_DOT,151007,,,
CO_State_DOT,156006,,,
CO_State_DOT,156021,,,
CO_State_DOT,156024,,,
CO_State_DOT,275005,,,
CO_State_DOT,275006,,,
CO_State_DOT,275007,,,
CO_State_DOT,275008,,,
CO_State_DOT,275009,,,
CO_State_DOT,36023,,,
CO_State_DOT,521004,,,
CO_State_DOT,521012,,,
CO_State_DOT,521013,,,
CO_State_DOT,521014,,,
CO_State_DOT,521015,,,
CO_State_DOT,521016,,,
CO_State_DOT,561025,,,
CO_State_DOT,561026,,,
CO_State_DOT,561027,,,
CO_State_DOT,561028,,,
DE_State_DOT,274018,,,
IA_State_DOT, 512-61 ,,,
IA_State_DOT, 512-62 ,,,
IA_State_DOT, 512-63 ,,,
IA_State_DOT, 512-65 ,,,
MA_State_EOT, 705-00 ,,,
MA_State_EOT, 705-01 ,,,
MA_State_EOT, 705-02 ,,,
MA_State_EOT, 705-03 ,,,
MA_State_EOT, 705-04 ,,,
MA_State_EOT, 705-05 ,,,
MA_State_EOT, 705-06 ,,,
MA_State_EOT, 705-07 ,,,
MA_State_EOT, 705-08 ,,,
MA_State_EOT, 705-09 ,,,
MA_State_EOT, 705-10 ,,,
MA_State_EOT, 705-11 ,,,
MA_State_EOT, 705-12 ,,,
MA_State_EOT, 705-13 ,,,
MA_State_EOT, 705-14 ,,,
MA_State_EOT, 705-15 ,,,
MA_State_EOT, 705-16 ,,,
MA_State_EOT, 705-17 ,,,
MA_State_EOT, 705-18 ,,,
MA_State_EOT, 705-19 ,,,
MA_State_EOT, 705-20 ,,,
MA_State_EOT, 705-21 ,,,
MA_State_EOT, 705-22 ,,,
MA_State_EOT, 705-23 ,,,
MA_State_EOT, 705-24 ,,,
MI_State_DOT, 1FAFP53296A146812 ,,,
MI_State_DOT, 1FBNE31L48DA37398 ,,,
MI_State_DOT, 1FBNE31L66HA96846 ,,,
MI_State_DOT, 1FTFW1EF7EKD83152 ,,,
MI_State_DOT, 1FTFX1EF2EKD69821 ,,,
MI_State_DOT, 1FTFX1EF4EKD69819 ,,,
MI_State_DOT, 705-25 ,,,
MI_State_DOT, 705-26 ,,,
MI_State_DOT, 705-27 ,,,
MI_State_DOT, 705-28 ,,,
MI_State_DOT, 705-29 ,,,
MI_State_DOT, 705-30 ,,,
MI_State_DOT, 705-31 ,,,
MI_State_DOT, 705-32 ,,,
MI_State_DOT, 705-33 ,,,
MI_State_DOT, 705-34 ,,,
MI_State_DOT, 705-35 ,,,
MI_State_DOT, 705-36 ,,,
MI_State_DOT, 705-37 ,,,
MI_State_DOT, 705-38 ,,,
MI_State_DOT, 705-39 ,,,
MI_State_DOT, 705-40 ,,,
MI_State_DOT, 705-41 ,,,
MI_State_DOT, 705-42 ,,,
MI_State_DOT, 705-43 ,,,
MI_State_DOT, 705-44 ,,,
MI_State_DOT, 705-45 ,,,
MI_State_DOT, 705-46 ,,,
MI_State_DOT, 705-47 ,,,
MI_State_DOT, 705-48 ,,,
MI_State_DOT, 705-49 ,,,
MI_State_DOT, 705-51 ,,,
MI_State_DOT, 705-52 ,,,
MI_State_DOT, 705-53 ,,,
MI_State_DOT, 705-54 ,,,
MI_State_DOT, 705-55 ,,,
MI_State_DOT, 705-56 ,,,
MI_State_DOT, 705-58 ,,,
MI_State_DOT,7345484458,,,
MI_State_DOT,7345485827,,,
MI_State_DOT,7345485996,,,
MI_State_DOT,7346450949,,,
MI_State_DOT,7346456722,,,
MI_State_DOT,7346458474,,,
MI_State_DOT,7346459364,,,
MI_State_DOT,7346459475,,,
MI_State_DOT,7346459753,,,
MT_State_DOT,268006,,,
MT_State_DOT,563007,,,
MT_State_DOT,563008,,,
MT_State_DOT,564005,,,
MT_State_DOT,629004,,,
NV_State_DOT, D1005 ,,,
NV_State_DOT, D1006 ,,,
NV_State_DOT, D1007 ,,,
NV_State_DOT, D1010 ,,,
NV_State_DOT, D1011 ,,,
NV_State_DOT, D1012 ,,,
NV_State_DOT, D3052 ,,,
NV_State_DOT, D3053 ,,,
NV_State_DOT, D3054 ,,,
NV_State_DOT, D3055 ,,,
NV_State_DOT, D3056 ,,,
NV_State_DOT, D345 ,,,
NV_State_DOT, D347 ,,,
NV_State_DOT, D357 ,,,
NV_State_DOT, D358 ,,,
NV_State_DOT, NV018 ,,,
NV_State_DOT, NV058 ,,,
NV_State_DOT, NV059 ,,,
NV_State_DOT, NV37 ,,,
NV_State_DOT, NV48 ,,,
NV_State_DOT, NV49 ,,,
NV_State_DOT, NV50 ,,,
NV_State_DOT, NV51 ,,,
NV_State_DOT, NV52 ,,,
NV_State_DOT, NV53 ,,,
NV_State_DOT, NV54 ,,,
NV_State_DOT, NV55 ,,,
NV_State_DOT, NV56 ,,,
NV_State_DOT, NV57 ,,,
NH_State_DOT,656012,,,
NH_State_DOT,656013,,,
NH_State_DOT,656014,,,
ND_State_DOT,597024,,,
OH_State_DOT, 200-104 ,,,
OH_State_DOT, 200-180 ,,,
OH_State_DOT, 200-185 ,,,
OH_State_DOT, 200-186 ,,,
OH_State_DOT, 200-42 ,,,
OH_State_DOT, 200-52 ,,,
OH_State_DOT, 38-2 ,,,
OH_State_DOT, 73-1 ,,,
OH_State_DOT, 80-1 ,,,
OR_State_DOT,110003,,,
OR_State_DOT,110004,,,
OR_State_DOT,120000,,,
OR_State_DOT,120001,,,
OR_State_DOT,120002,,,
OR_State_DOT,120003,,,
OR_State_DOT,120004,,,
OR_State_DOT,120005,,,
OR_State_DOT,24005,,,
OR_State_DOT,24006,,,
OR_State_DOT,24010,,,
OR_State_DOT,24011,,,
OR_State_DOT,24012,,,
OR_State_DOT,24013,,,
OR_State_DOT,24014,,,
OR_State_DOT,24015,,,
OR_State_DOT,24016,,,
OR_State_DOT,24017,,,
OR_State_DOT,24018,,,
OR_State_DOT,24019,,,
OR_State_DOT,24020,,,
OR_State_DOT,24021,,,
OR_State_DOT,282007,,,
OR_State_DOT,282008,,,
OR_State_DOT,282009,,,
OR_State_DOT,282010,,,
OR_State_DOT,283010,,,
OR_State_DOT,283011,,,
OR_State_DOT,283012,,,
OR_State_DOT,285006,,,
OR_State_DOT,285008,,,
OR_State_DOT,285009,,,
OR_State_DOT,285010,,,
OR_State_DOT,68015,,,
OR_State_DOT,68016,,,
OR_State_DOT,68017,,,
OR_State_DOT,68018,,,
OR_State_DOT,68019,,,
OR_State_DOT,68020,,,
OR_State_DOT,68021,,,
OR_State_DOT,68022,,,
OR_State_DOT,68023,,,
OR_State_DOT,68024,,,
OR_State_DOT,68025,,,
SC_State_DOT, 124-10 ,,,
RI_State_DOT, SD RWIS Clark ,,,
RI_State_DOT, SD RWIS Craven ,,,
RI_State_DOT, SD RWIS Davis ,,,
RI_State_DOT, SD RWIS Elk Mountain ,,,
RI_State_DOT, SD RWIS Fairburn ,,,
RI_State_DOT, SD RWIS Foster Bay ,,,
RI_State_DOT, SD RWIS Mellette ,,,
RI_State_DOT, SD RWIS Midland ,,,
RI_State_DOT, SD RWIS Slim Buttes ,,,
RI_State_DOT, SD RWIS Trail City ,,,
RI_State_DOT, SD RWIS Tyndall ,,,
RI_State_DOT, SD RWIS Wanblee ,,,
TN_State_DOT,707022,,,
TX_State_DOT, brunswick ,,,
TX_State_DOT, cedar ,,,
TX_State_DOT, Crooked_Run ,,,
TX_State_DOT, dublin_airport ,,,
TX_State_DOT, Fredricksburg ,,,
TX_State_DOT, haymarket ,,,
TX_State_DOT, i295_woodman ,,,
TX_State_DOT, i495mm46 ,,,
TX_State_DOT, i64_afton_mtn ,,,
TX_State_DOT, i66_rt17 ,,,
TX_State_DOT, i81_mm213 ,,,
TX_State_DOT, i81_mm239 ,,,
TX_State_DOT, i81_mm244 ,,,
TX_State_DOT, i81_mm313 ,,,
TX_State_DOT, i81_mm318 ,,,
TX_State_DOT, Jamesrb ,,,
TX_State_DOT, leesburg ,,,
TX_State_DOT, powell_mtn ,,,
TX_State_DOT, purcellville ,,,
TX_State_DOT, Rt1@I95 ,,,
TX_State_DOT, rt211_shenandoah ,,,
TX_State_DOT, Rt_220_@_Ashley_Plantation ,,,
TX_State_DOT, Rt33_@_Skyline ,,,
TX_State_DOT, seminary_rd_i395 ,,,
TX_State_DOT, sr150_chippenham ,,,
TX_State_DOT, tasley ,,,
TX_State_DOT, vr_i64_mp294 ,,,
TX_State_DOT, vr_rt13_Accomac ,,,
TX_State_DOT, wvline ,,,
VT_State_AOT, 159-10 ,,,
VT_State_AOT, 159-11 ,,,
VT_State_AOT, 159-12 ,,,
VT_State_AOT, 159-13 ,,,
VT_State_AOT, 159-14 ,,,
VT_State_AOT, 159-15 ,,,
VT_State_AOT, 159-9 ,,,
VT_State_AOT, 343-21 ,,,
VT_State_AOT, 343-45 ,,,
VT_State_AOT, 343-46 ,,,
VT_State_AOT, 529-28 ,,,
VT_State_AOT, 529-29 ,,,
VT_State_AOT, 529-30 ,,,
VT_State_AOT, 529-31 ,,,
VT_State_AOT, 529-32 ,,,
VT_State_AOT, 529-33 ,,,
VT_State_AOT, 529-34 ,,,
VA_State_DOT,146000,,,
VA_State_DOT,146002,,,
VA_State_DOT,146003,,,
VA_State_DOT,146005,,,
WV_State_DOT,178025,,,
WV_State_DOT,178027,,,
WV_State_DOT,178028,,,
WV_State_DOT,178029,,,
WV_State_DOT,178030,,,
WV_State_DOT,178031,,,
WV_State_DOT,178032,,,
WV_State_DOT,178033,,,
WV_State_DOT,178034,,,
WV_State_DOT,178035,,,
WV_State_DOT,178036,,,
WV_State_DOT,178038,,,
WV_State_DOT,178040,,,
WV_State_DOT,178041,,,
WV_State_DOT,178042,,,
WV_State_DOT,178043,,,
WV_State_DOT,178044,,,
WV_State_DOT,178045,,,
WV_State_DOT,178046,,,
WV_State_DOT,20100010,,,
WV_State_DOT,20100011,,,
WV_State_DOT,20100012,,,
WV_State_DOT,20100013,,,
WV_State_DOT,20100014,,,
WV_State_DOT,20100015,,,
WV_State_DOT,20100016,,,
WV_State_DOT,20100017,,,
WV_State_DOT,20100018,,,
WV_State_DOT,20100019,,,
WV_State_DOT,20100020,,,
WV_State_DOT,20100021,,,
WV_State_DOT,20100022,,,
WV_State_DOT,20100023,,,
WV_State_DOT,20100024,,,
WV_State_DOT,20100025,,,
WV_State_DOT,20100026,,,
WV_State_DOT,20100027,,,
WV_State_DOT,20100028,,,
WV_State_DOT,20100029,,,
WV_State_DOT,20100030,,,
WV_State_DOT,20100031,,,
WV_State_DOT,20100032,,,
WV_State_DOT,20100033,,,
WV_State_DOT,20100034,,,
WV_State_DOT,20100035,,,
WV_State_DOT,20100036,,,
WV_State_DOT,20100037,,,
WV_State_DOT,20100039,,,
WI_State_DOT, 11-06 ,,,
WI_State_DOT, 11-10 ,,,
WI_State_DOT, 13-12 ,,,
WI_State_DOT, 14-16 ,,,
WI_State_DOT, 201-02a ,,,
WI_State_DOT, 201-02b ,,,
WI_State_DOT, 201-08a ,,,
WI_State_DOT, 201-08b ,,,
WI_State_DOT, 201-08c ,,,
WI_State_DOT, 216-02 ,,,
WI_State_DOT, 216-06a ,,,
WI_State_DOT, 216-06b ,,,
WI_State_DOT, 216-06c ,,,
WI_State_DOT, 216-08a ,,,
WI_State_DOT, 216-08b ,,,
WI_State_DOT, 22-06 ,,,
WI_State_DOT, 2-50 ,,,
WI_State_DOT, 2-64 ,,,
WI_State_DOT, 2-70 ,,,
WI_State_DOT, 28-08 ,,,
WI_State_DOT, 28-18 ,,,
WI_State_DOT, 36-14 ,,,
WI_State_DOT, 40-30 ,,,
WI_State_DOT, 44-04 ,,,
WI_State_DOT, 58-04 ,,,
WI_State_DOT, 6-04 ,,,
WI_State_DOT, 63-00 ,,,
WI_State_DOT, 88-10 ,,,
WI_State_DOT, 88-18 ,,,
,,,,
,,,,
,,,,
,,,,
