<?xml version="1.0" encoding="UTF-8" ?>
<!DOCTYPE mapper
PUBLIC "-//mybatis.org//DTD Mapper 3.0//EN"
"http://mybatis.org/dtd/mybatis-3-mapper.dtd">
<mapper namespace="wde.UserMapper">

	<resultMap id="UserResultMapper" type="User">
		<id property="user" jdbcType="VARCHAR"  column="user_name" />
		<result property="password" column="user_password" />
		<result property="firstName" column="first_name" />
		<result property="lastName" column="last_name" />
		<result property="organization" column="organization" />
		<result property="organizationType" column="organization_type" />
		<result property="country" column="country" />
	</resultMap>
	
	<resultMap id="CountryResultMapper" type="Country">
		<id property="code" jdbcType="CHAR" column="country_code" />
		<result property="name" column="country_name" />
	</resultMap>

	<resultMap id="OrganizationTypeResultMapper" type="OrganizationType">
		<id property="code" jdbcType="CHAR" column="organization_type" />
		<result property="name" column="organization_type_name" />
	</resultMap>

	<select id="selectAllUsers" resultMap="UserResultMapper">
		SELECT user_name, user_password, first_name, last_name, organization, 
		       organization_type, country, email
		FROM auth.user_table;
	</select>	

	<select id="selectUser" parameterType="String" resultMap="UserResultMapper">
		SELECT user_name, user_password, first_name, last_name, organization, 
		       organization_type, country, email
		FROM auth.user_table
		WHERE user_name = #{id};
	</select>
	
	<insert id="insertNewUser" parameterType="User">
		INSERT INTO auth.user_table(
            user_name, user_password, first_name, last_name, organization, 
            organization_type, country, email)
    	VALUES (#{user}, #{password}, #{firstName}, #{lastName}, #{organization},
    		#{organizationType}, #{country}, #{email});
		INSERT INTO auth.user_role(
            user_name, user_role)
    	VALUES (#{user}, 'wde_user');
	</insert>
	
	<update id="updateUser" parameterType="User">
		UPDATE auth.user_table
		SET user_password=#{password}, first_name=#{firstName}, last_name=#{lastName}, organization=#{organization}, 
			organization_type=#{organizationType}, country=#{country}, email=#{email}
		WHERE user_name=#{user};
	</update>
	
	<select id="selectAllCountries" resultMap="CountryResultMapper">
		SELECT country_code, country_name
		FROM auth.country;
	</select>

	<select id="selectAllOrganizationTypes" resultMap="OrganizationTypeResultMapper">
		SELECT organization_type, organization_type_name
		FROM auth.organization_type;
	</select>

</mapper>