"id","staticid","updatetime","totime","orgid","name","agency","monitorhours","contactid","altcontactid","metadatacontactid","display","disclaimerlink"
1,1,2013-03-06 13:51:16.234-06,,1,"AK_State_DOT","Alaska Dept. of Transportation and Public Faciliti",0,1,,1,t,"http://www.dot.state.ak.us/iways/roadweather/disclaimer.html"
2,2,2013-03-06 13:51:16.235-06,,2,"MN_State_DOT","Minnesota Department of Transportation",0,2,,2,t,
3,3,2013-03-06 13:51:16.236-06,,3,"UT_State_DOT","Utah Department of Transportation",0,3,,3,t,
4,4,2013-03-06 13:51:16.236-06,,5,"US_Country_NWS","National Weather Service",0,5,,5,f,
5,5,2013-03-06 13:51:16.237-06,,4,"OK_State_Mesonet","Oklahoma Climatological Survey",0,6,3,4,t,
6,6,2013-03-06 13:51:16.237-06,,8,"AL_State_DOT","Alabama Department of Transportation",0,,,,f,
7,7,2013-03-06 13:51:16.238-06,,9,"AZ_State_DOT","Arizona Department of Transportation",0,,,,t,
8,8,2013-03-06 13:51:16.238-06,,10,"AR_State_HTD","Arkansas Highway and Transportation Department",0,,,,f,
9,9,2013-03-06 13:51:16.239-06,,11,"CA_State_DOT","California Department of Transportation",0,,,,t,
10,10,2013-03-06 13:51:16.239-06,,12,"CO_State_DOT","Colorado Department of Transportation",0,,,,t,"http://www.cotrip.org/termsOfUse.htm"
11,11,2013-03-06 13:51:16.24-06,,13,"CT_State_DOT","Connecticut Department of Transportation",0,,,,f,
12,12,2013-03-06 13:51:16.24-06,,14,"DE_State_DOT","Delaware Department of Transportation",0,,,,t,
13,13,2013-03-06 13:51:16.241-06,,15,"FL_State_DOT","Florida Department of Transportation",0,,,,t,
14,14,2013-03-06 13:51:16.241-06,,16,"GA_State_DOT","Georgia Department of Transportation",0,,,,f,
15,15,2013-03-06 13:51:16.241-06,,17,"HI_State_DOT","Hawaii Department of Transportation",0,,,,f,
16,16,2013-03-06 13:51:16.242-06,,18,"ID_State_TD","Idaho Transportation Department",0,,,,t,"http://hb.511.idaho.gov/modules/rwisCamera/disclaimer.html"
18,18,2013-03-06 13:51:16.243-06,,20,"IN_State_DOT","Indiana Department of Transportation",0,11,12,10,t,
19,19,2013-03-06 13:51:16.243-06,,21,"IA_State_DOT","Iowa Department of Transportation",0,,,,t,
21,21,2013-03-06 13:51:16.244-06,,23,"KY_State_TC","Kentucky Transportation Cabinet",0,,,,t,"http://kyweb.carsstage.org/About.html"
22,22,2013-03-06 13:51:16.245-06,,24,"LA_State_DTD","Louisiana Department of Transportation & Development",0,,,,f,
23,23,2013-03-06 13:51:16.245-06,,25,"ME_State_DOT","Maine Department of Transportation",0,,,,t,
24,24,2013-03-06 13:51:16.246-06,,26,"MD_State_DOT","Maryland Department of Transportation",0,,,,t,
25,25,2013-03-06 13:51:16.246-06,,27,"MA_State_EOT","Massachusetts Executive Office of Transportation",0,,,,t,
26,26,2013-03-06 13:51:16.247-06,,28,"MI_State_DOT","Michigan Department of Transportation",0,,,,t,
27,27,2013-03-06 13:51:16.247-06,,29,"MS_State_DOT","Mississippi Department of Transportation",0,,,,f,
28,28,2013-03-06 13:51:16.247-06,,30,"MO_State_DOT","Missouri Department of Transportation",0,,,,t,
29,29,2013-03-06 13:51:16.248-06,,31,"MT_State_DOT","Montana Department of Transportation",0,24,,24,t,
30,30,2013-03-06 13:51:16.248-06,,32,"NE_State_DOR","Nebraska Department of Roads",0,,,,t,
31,31,2013-03-06 13:51:16.249-06,,33,"NV_State_DOT","Nevada Department of Transportation",0,,,,t,
32,32,2013-03-06 13:51:16.249-06,,34,"NH_State_DOT","New Hampshire Department of Transportation",0,,,,t,
33,33,2013-03-06 13:51:16.25-06,,35,"NJ_State_DOT","New Jersey Department of Transportation",0,,,,t,
34,34,2013-03-06 13:51:16.25-06,,36,"NM_State_HTD","New Mexico Highway and Transportation Department",0,,,,t,
35,35,2013-03-06 13:51:16.25-06,,37,"NY_State_DOT","New York State Department of Transportation",0,,,,t,
36,36,2013-03-06 13:51:16.251-06,,38,"NC_State_DOT","North Carolina Department of Transportation",0,,,,f,
37,37,2013-03-06 13:51:16.251-06,,39,"ND_State_DOT","North Dakota Department of Transportation",0,25,27,25,t,
38,38,2013-03-06 13:51:16.252-06,,40,"OH_State_DOT","Ohio Department of Transportation",0,21,22,23,t,
39,39,2013-03-06 13:51:16.252-06,,41,"OK_State_DOT","Oklahoma Department of Transportation",0,,,,f,
40,40,2013-03-06 13:51:16.253-06,,42,"OR_State_DOT","Oregon Department of Transportation",0,,,,t,
41,41,2013-03-06 13:51:16.253-06,,43,"PA_State_DOT","Pennsylvania Department of Transportation",0,,,,f,
42,42,2013-03-06 13:51:16.254-06,,44,"RI_State_DOT","Rhode Island Department of Transportation",0,,,,f,
43,43,2013-03-06 13:51:16.254-06,,45,"SC_State_DOT","South Carolina Department of Transportation",0,,,,t,
44,44,2013-03-06 13:51:16.255-06,,46,"SD_State_DOT","South Dakota Department of Transportation",0,,,,t,
45,45,2013-03-06 13:51:16.255-06,,47,"TN_State_DOT","Tennessee Department of Transportation",0,,,,t,
46,46,2013-03-06 13:51:16.255-06,,48,"TX_State_DOT","Texas Department of Transportation",0,,,,f,
47,47,2013-03-06 13:51:16.256-06,,49,"VT_State_AOT","Vermont Agency of Transportation",0,,,,t,"http://www.511vt.com/disclaimer.htm"
48,48,2013-03-06 13:51:16.256-06,,50,"VA_State_DOT","Virginia Department of Transportation",0,28,,28,t,
49,49,2013-03-06 13:51:16.257-06,,51,"WA_State_DOT","Washington Department of Transportation",0,33,34,33,t,
50,50,2013-03-06 13:51:16.257-06,,52,"WV_State_DOT","West Virginia Department of Transportation",0,,,,t,
51,51,2013-03-06 13:51:16.258-06,,53,"WI_State_DOT","Wisconsin Department of Transportation",0,19,,19,t,"http://www.dot.state.wi.us/util/legal.htm"
52,52,2013-03-06 13:51:16.258-06,,54,"WY_State_DOT","Wyoming Department of Transportation",0,,,,t,
53,53,2013-03-06 13:51:16.259-06,,55,"AB_Province_MIT","Alberta Ministry of Infrastructure and Transportation",0,9,,9,t,
54,54,2013-03-06 13:51:16.259-06,,56,"BC_Province_MOT","British Columbia Ministry of Transportation",0,16,,,t,
55,55,2013-03-06 13:51:16.26-06,,57,"MB_Province_MIT","Manitoba Ministry of Infrastructure and Transportation",0,,,,f,
56,56,2013-03-06 13:51:16.26-06,,58,"NB_Province_DOT","New Brunswick Department of Transportation",0,,,,f,
57,57,2013-03-06 13:51:16.261-06,,59,"NL_Province_DOT","Newfoundland and Labrador Department of Transportation and Works",0,,,,f,
58,58,2013-03-06 13:51:16.261-06,,60,"NT_Territory_DOT","Northwest Territories Department of Transportation",0,,,,f,
59,59,2013-03-06 13:51:16.261-06,,61,"NS_Province_TPW","Nova Scotia Department of Transportation and Public Works",0,,,,t,
60,60,2013-03-06 13:51:16.262-06,,62,"NU_Territory_EDT","Nunavut Department of Economic Development and Transportation",0,,,,f,
61,61,2013-03-06 13:51:16.262-06,,63,"ON_Province_MOT","Ontario Ministry of Transportation",0,,,,f,
62,62,2013-03-06 13:51:16.263-06,,64,"PE_Province_TPW","Prince Edward Island Ministry of Transportation and Public Works",0,,,,f,
63,64,2013-03-06 13:51:16.263-06,,65,"SK_Province_DHT","Saskatchewan Department of Highways and Transportation",0,,,,f,
64,65,2013-03-06 13:51:16.264-06,,66,"YT_Territory_HPW","Yukon Department of Highways and Public Works",0,8,,8,t,
65,66,2013-03-06 13:51:16.264-06,,20,"IN_City_INDY","City of Indianapolis",0,,,,t,
67,68,2013-03-06 13:51:16.265-06,,68,"OK City_City_Micronet","City of Oklahoma City",0,,,,t,
68,69,2013-03-06 13:51:16.266-06,,22,"KS_Turnpike_KTA","KDOT - Kansas Turnpike Authority",0,,,,t,
69,70,2013-03-06 13:51:16.266-06,,69,"CAN_Park_Canada","Park Canada",0,,,,t,
70,17,2013-03-06 14:20:10.488-06,,19,"IL_State_DOT","Illinois Department of Transportation",2,18,13,18,t,"http://www.gettingaroundillinois.com/disclaimer.aspx"
17,17,2013-03-06 13:51:16.242-06,2013-03-06 14:20:10.488-06,19,"IL_State_DOT","Illinois Department of Transportation",0,18,13,18,t,"http://www.gettingaroundillinois.com/disclaimer.aspx"
71,20,2013-03-06 14:20:10.5-06,,22,"KS_State_DOT","Kansas Department of Transportation",1,60,,,t,"http://www.ksdot.org/disclaimer.asp"
20,20,2013-03-06 13:51:16.244-06,2013-03-06 14:20:10.5-06,22,"KS_State_DOT","Kansas Department of Transportation",0,60,,,t,"http://www.ksdot.org/disclaimer.asp"
72,67,2013-03-06 14:20:10.503-06,,67,"IL_County_McHenry","McHenry County Division of Transportation, IL",1,,,,t,
66,67,2013-03-06 13:51:16.265-06,2013-03-06 14:20:10.503-06,67,"IL_County_McHenry","McHenry County Division of Transportation, IL",0,,,,t,
