"id","staticid","updatetime","totime","mfr","model"
1,1,2013-03-06 13:51:32.914-06,,"Thies Clima","SSI 72657501"
2,2,2013-03-06 13:51:32.915-06,,"Vaisala, Inc.","CS105 (Vaisala PTB101B)"
3,3,2013-03-06 13:51:32.916-06,,"Cohu, Inc.","ER-8546 Color Camera"
4,4,2013-03-06 13:51:32.916-06,,"Cohu, Inc.","iView ER-3591A"
5,5,2013-03-06 13:51:32.917-06,,"Cohu, Inc.","iDome 3920"
6,6,2013-03-06 13:51:32.918-06,,"Surface Systems, Inc.","FP2000"
7,7,2013-03-06 13:51:32.918-06,,"Surface Systems, Inc.","Thermo SCAN 1000"
8,8,2013-03-06 13:51:32.919-06,,"Surface Systems, Inc.","Hawk Eye Y/N Optical Infrared"
9,9,2013-03-06 13:51:32.919-06,,"Surface Systems, Inc.","Price Y/N Optical Infrared"
10,10,2013-03-06 13:51:32.92-06,,"Texas Electronics, Inc.","TE525 WS-L8"
11,11,2013-03-06 13:51:32.92-06,,"NovaLynx Corporation","260-2500 Tipping Bucket Rain Gauge"
12,12,2013-03-06 13:51:32.92-06,,"NovaLynx Corporation","260-2500E Heated Tipping Bucket Rain & Snow Gauge"
13,13,2013-03-06 13:51:32.92-06,,"Judd Communications","Ultrasonic Depth Sensor"
14,14,2013-03-06 13:51:32.921-06,,"Surface Systems, Inc.","S16UG-D Sub-Surface Temperature Probe"
15,15,2013-03-06 13:51:32.921-06,,"Measurement Research Corporation","TP101"
16,16,2013-03-06 13:51:32.921-06,,"Optical Scientific, Inc.","Optical Weather Identifier (OWI)"
17,17,2013-03-06 13:51:32.921-06,,"R. M. Young Company","05103L"
18,18,2013-03-06 13:51:32.921-06,,"Met One Instruments, Inc.","50.5 Solid State Wind Sensor"
19,19,2013-03-06 13:51:32.922-06,,"R. M. Young Company","85000 Ultrasonic Anemometer"
20,20,2013-03-06 13:51:32.922-06,,"R. M. Young Company","05103"
21,21,2013-03-06 13:51:32.922-06,,"Vaisala, Inc.","HMP45D"
22,22,2013-03-06 13:51:32.922-06,,"Vaisala, Inc.","HMP45A"
23,23,2013-03-06 13:51:32.923-06,,"Vaisala, Inc.","HMP50"
24,24,2013-03-06 13:51:32.923-06,,"Vaisala, Inc.","DRS50"
25,25,2013-03-06 13:51:32.923-06,,"Vaisala, Inc.","DRS511"
26,26,2013-03-06 13:51:32.923-06,,"Vaisala, Inc.","DRD11A"
27,27,2013-03-06 13:51:32.923-06,,"Campbell Scientific Canada","SR50"
28,28,2013-03-06 13:51:32.924-06,,"Vaisala, Inc./Handar, Inc.","WS425 Ultrasonic Wind Sensor"
29,29,2013-03-06 13:51:32.924-06,,"Vaisala, Inc.","WAV15 AWAA15A Wind Set"
30,30,2013-03-06 13:51:32.924-06,,"Unknown","Utah DOT Tipping Bucket (placeholder)"
31,31,2013-03-06 13:51:32.924-06,,"Optical Scientific, Inc.","Weather Indicator Visibility Sensor (WIVIS)"
32,32,2013-03-06 13:51:32.924-06,,"Optical Scientific, Inc.","Optical Precipitation Sensor (ORG)"
33,33,2013-03-06 13:51:32.925-06,,"Vaisala, Inc.","PWD11 Present Weather Detector"
34,34,2013-03-06 13:51:32.925-06,,"Thies Clima","Hygro-Thermo Transmitter"
35,35,2013-03-06 13:51:32.925-06,,"Campbell Scientific, Inc.","HMP45C"
36,36,2013-03-06 13:51:32.925-06,,"Thermometrics","DC95F103V Thermistor"
37,37,2013-03-06 13:51:32.925-06,,"Vaisala, Inc.","PTB220"
38,38,2013-03-06 13:51:32.926-06,,"LI-COR","LI-200SZ Pyranometer"
39,39,2013-03-06 13:51:32.926-06,,"BetaTHERM Corp.","10K3D410"
40,40,2013-03-06 13:51:32.926-06,,"Vaisala, Inc.","PTB202A"
41,41,2013-03-06 13:51:32.926-06,,"Fenwal Electorincs Inc","Fenwal"
42,42,2013-03-06 13:51:32.927-06,,"Belfort Instrument Company","Digital Wind System: Model 2000"
43,43,2013-03-06 13:51:32.927-06,,"Vaisala, Inc.","425NWS Sonic Anemometer"
44,44,2013-03-06 13:51:32.927-06,,"Technical Services Laboratory, Inc.","H083R"
45,45,2013-03-06 13:51:32.927-06,,"Technical Services Laboratory, Inc.","1088"
46,46,2013-03-06 13:51:32.927-06,,"Vaisala, Inc.","DST1"
47,47,2013-03-06 13:51:32.928-06,,"Belfort Instrument Company","Visibility Sensor: Model 6230A"
48,48,2013-03-06 13:51:32.928-06,,"Optical Scientific, Inc.","NWS present weather (placeholder)"
49,49,2013-03-06 13:51:32.928-06,,"Vaisala, Inc.","CT12K ceilometer"
50,50,2013-03-06 13:51:32.928-06,,"Frise Engineering Company","7405H"
51,51,2013-03-06 13:51:32.928-06,,"Hach Environmental","OTT All-Weather Precipitation Accumulation Gauge"
52,52,2013-03-06 13:51:32.929-06,,"Setra Systems, Inc.","470 Digital Programmable Setraceram Pressure Trans"
53,53,2013-03-06 13:51:32.929-06,,"Global Atmospherics, Inc.","TSS-924"
54,54,2013-03-06 13:51:32.929-06,,"Met One Instruments, Inc.","091 Barometric Pressure Gauge"
55,55,2013-03-06 13:51:32.929-06,,"Vaisala, Inc.","441A-1P Pyranometer"
56,56,2013-03-06 13:51:32.929-06,,"Belfort Instrument Company","Visibility Sensor (placeholder)"
57,57,2013-03-06 13:51:32.93-06,,"ETI Instrument Systems, Inc.","Optical Infrared Y/N Precipitation Sensor, upgrad"
58,58,2013-03-06 13:51:32.93-06,,"AerotechTelub AB","Frensor Mk II Active Freezing Point Sensor"
59,59,2013-03-06 13:51:32.93-06,,"Quixote Transportation Technologies, Inc.","Groundhog G-8 Wireless Traffic Analyzer"
60,60,2013-03-06 13:51:32.93-06,,"Nu-Metrics","Sensit Pavement Sensor"
61,61,2013-03-06 13:51:32.931-06,,"Quixote Transportation Technologies, Inc.","Experimental Infrared Pavement Sensor"
62,62,2013-03-06 13:51:32.931-06,,"R. M. Young Company","41382 Capacitance-Type T/RH Sensor w/Shield"
63,63,2013-03-06 13:51:32.931-06,,"R. M. Young Company","61205V Barometric Pressure Sensor"
64,64,2013-03-06 13:51:32.931-06,,"Rotronic","HC-S3 Temperature/RH Probe"
65,65,2013-03-06 13:51:32.931-06,,"Thies Clima","5410320041 Precipitation Sensor"
66,66,2013-03-06 13:51:32.932-06,,"Lufft","IRS-21 Road Surface Sensor"
67,67,2013-03-06 13:51:32.932-06,,"Campbell Scientific, Inc.","107 Temperature Probe (thermistor)"
68,68,2013-03-06 13:51:32.932-06,,"Axis","211 Camera"
69,69,2013-03-06 13:51:32.932-06,,"Campbell Scientific, Inc.","207 Temperature/RH Probe (thermistor)"
70,70,2013-03-06 13:51:32.932-06,,"Unknown","BCMOT standpipe gauge with Sensotec transducer"
71,71,2013-03-06 13:51:32.933-06,,"Unknown","BCMOT standpipe gauge with Honeywell transducer"
72,72,2013-03-06 13:51:32.933-06,,"Aanderaa","3304 Road Temperature Sensor"
73,73,2013-03-06 13:51:32.933-06,,"Hydro-Tech","WS-3 Wind Sensor"
74,74,2013-03-06 13:51:32.933-06,,"Surface Systems, Inc.","Temp Depth Prope (TDP) TP101 SHRP 6 ft Thermistor"
75,75,2013-03-06 13:51:32.934-06,,"Lufft","21 Road Sensor"
76,76,2013-03-06 13:51:32.934-06,,"Vaisala, Inc.","WMS301 Wind"
77,77,2013-03-06 13:51:32.934-06,,"Vaisala, Inc.","DTS1293 Sub-Probe"
78,78,2013-03-06 13:51:32.934-06,,"Vaisala, Inc.","PMB100 Barometer"
79,79,2013-03-06 13:51:32.934-06,,"Lufft","R2S-UMB - Precip"
80,80,2013-03-06 13:51:32.935-06,,"Zydax","Active Passive Surface Sensor (ZAPSS)"
81,81,2013-03-06 13:51:32.935-06,,"Zydax","Temperature Sensor (ZTS)"
82,82,2013-03-06 13:51:32.935-06,,"Met One Instruments, Inc.","092 Barometric Pressure Sensor"
83,83,2013-03-06 13:51:32.935-06,,"Surface Systems, Inc.","Pavement Sensor - Model # S16201-E"
84,84,2013-03-06 13:51:32.936-06,,"High Sierra Electronics","Model 5723-00 Relative Humidity & Temp Probe"
85,85,2013-03-06 13:51:32.936-06,,"Zydax","Drop Down Temperature Sensor (DDTS)"
86,86,2013-03-06 13:51:32.936-06,,"Vaisala, Inc.","DSC111 Remote Road Surface State - Spectro"
87,87,2013-03-06 13:51:32.936-06,,"Vaisala, Inc.","DST111 Remote Road Surface Temp Sensor-Cyclo"
88,88,2013-03-06 13:51:32.936-06,,"Vaisala, Inc.","PWD12 Present Weather and Visibility Sensors"
89,89,2013-03-06 13:51:32.937-06,,"Micro Response","Van Model 2020"
90,90,2013-03-06 13:51:32.937-06,,"Micro Response","Anemometer Model 2030"
91,91,2013-03-06 13:51:32.937-06,,"All Weather Inc. (AWI)","Model 5190 Tmp & Humidity Probe"
92,92,2013-03-06 13:51:32.937-06,,"All Weather Inc. (AWI)","Model 7120 Analog Output Barameter"
93,93,2013-03-06 13:51:32.937-06,,"Vaisala, Inc.","DTS151UKG Sub-Surface Temperature"
94,94,2013-03-06 13:51:32.938-06,,"Vaisala, Inc.","FD12P Present Weather Sensor"
95,95,2013-03-06 13:51:32.938-06,,"Vaisala, Inc.","WXT510 Multi-sensor wind precip press temp RH"
96,96,2013-03-06 13:51:32.938-06,,"Columbia Weather Systems","Capricorn 2000 - Barometric Pressure"
97,97,2013-03-06 13:51:32.938-06,,"Columbia Weather Systems","Capricorn 2000 - Temperature"
98,98,2013-03-06 13:51:32.939-06,,"Columbia Weather Systems","Capricorn 2000 - Wind Dir & Speed"
99,99,2013-03-06 13:51:32.939-06,,"Columbia Weather Systems","Capricorn 2000 - Relative Humidity"
100,100,2013-03-06 13:51:32.939-06,,"Columbia Weather Systems","Capricorn 2000 - Rainfall (Tipping Bucket)"
101,101,2013-03-06 13:51:32.939-06,,"Columbia Weather Systems","Capricorn 2000 - Solar Radiation"
102,102,2013-03-06 13:51:32.939-06,,"EnviroTech Sensors Inc","Sentry Visibility SVS1"
103,103,2013-03-06 13:51:32.94-06,,"Rudolph","IRSS88"
104,104,2013-03-06 13:51:32.94-06,,"Campbell Scientific, Inc.","385- Rain & Snow Gage"
105,105,2013-03-06 13:51:32.94-06,,"Texas Weather Instruments, Inc.","Weather Report - WR-25 - Wind"
106,106,2013-03-06 13:51:32.94-06,,"Texas Weather Instruments, Inc.","Weather Report - WR-25 - Barometric Pressure"
107,107,2013-03-06 13:51:32.94-06,,"Texas Weather Instruments, Inc.","Weather Report - WR-25 - Temp & Humidity"
108,108,2013-03-06 13:51:32.941-06,,"Texas Weather Instruments, Inc.","Weather Report - WR-25 - Leaf Wetness"
109,109,2013-03-06 13:51:32.941-06,,"Texas Weather Instruments, Inc.","Weather Report - WR-25 - Solar"
110,110,2013-03-06 13:51:32.941-06,,"Texas Weather Instruments, Inc.","Weather Report - WR-25 - Lightning"
111,111,2013-03-06 13:51:32.941-06,,"Texas Weather Instruments, Inc.","Weather Report - WR-25 - Rain"
112,112,2013-03-06 13:51:32.941-06,,"R. M. Young Company","5106 Marine Anemometer"
113,113,2013-03-06 13:51:32.942-06,,"Met One Instruments, Inc.","Relative Humidity and Temperature"
114,114,2013-03-06 13:51:32.942-06,,"Vaisala, Inc.","WXT520 - Pres RH Precip Temp Wind"
115,115,2013-03-06 13:51:32.942-06,,"Vaisala, Inc.","DTS12A Air Temperature Probe"
116,116,2013-03-06 13:51:32.942-06,,"Vaisala, Inc.","DTS12G Ground/Soil (Surface-Pavement) Temperature"
117,117,2013-03-06 13:51:32.943-06,,"Sutron","5600-0030 Soil & Water Temperature Probe"
118,118,2013-03-06 13:51:32.943-06,,"Sutron","5600-0016"
119,119,2013-03-06 13:51:32.943-06,,"High Sierra Electronics","5721-05 Mini ESS - surface-subsurface temperature"
120,120,2013-03-06 13:51:32.943-06,,"Gill Instruments","WindSonic - speed and direction"
121,121,2013-03-06 13:51:32.943-06,,"Vaisala, Inc.","QMS101 - Pyranometer"
122,122,2013-03-06 13:51:32.944-06,,"Vaisala, Inc.","PTB110 - Barometer"
123,123,2013-03-06 13:51:32.944-06,,"Davis Instruments","Vantage Pro2 - Temp-RH-DP"
124,124,2013-03-06 13:51:32.944-06,,"Davis Instruments","Vantage Pro2 - Wind"
125,125,2013-03-06 13:51:32.944-06,,"Davis Instruments","Vantage Pro2 - Pressure"
126,126,2013-03-06 13:51:32.944-06,,"Davis Instruments","Vantage Pro2 - Precip"
127,127,2013-03-06 13:51:32.945-06,,"Davis Instruments","Vantage Pro2 - Surface-Subsurface"
128,128,2013-03-06 13:51:32.945-06,,"Vaisala, Inc.","HMP155 Humidity & Temperature Probe"
129,129,2013-03-06 13:51:32.945-06,,"Lufft","WS600-UMB - Temp,RH,Precip,Pressure,Wind"
130,130,2013-03-06 13:51:32.945-06,,"Luftt","WS500-UMB - Temp,RH,Pressure,Wind"
131,131,2013-03-06 13:51:32.945-06,,"Lufft","WS400-UMB - Temp,RH,Precip,Pressure"
132,132,2013-03-06 13:51:32.946-06,,"Lufft","WS300-UMB - Temp,RH,Pressure"
133,133,2013-03-06 13:51:32.946-06,,"Lufft","WS200-UMB - Wind"
134,134,2013-03-06 13:51:32.946-06,,"Lufft","IRS31-UMB - Intelligent Road Sensor"
135,135,2013-03-06 13:51:32.946-06,,"Luftt","ARS31-UMB - Intelligent Road Sensor"
136,136,2013-03-06 13:51:32.946-06,,"Lufft","VS20-UMB - Visibility"
137,137,2013-03-06 13:51:32.947-06,,"Lufft","8160.TF - Temperature"
138,138,2013-03-06 13:51:32.947-06,,"Lufft","8160.TFF10 - Temp,RH"
139,139,2013-03-06 13:51:32.947-06,,"Lufft","8160.TFF50 - Temp,RH"
140,140,2013-03-06 13:51:32.947-06,,"Lufft","8365.00 - Snow height,Temp"
141,141,2013-03-06 13:51:32.947-06,,"Vaisala, Inc.","Surface Patrol HD, Temp, RH, DP, Surf Temp"
142,142,2013-03-06 13:51:32.948-06,,"Dickey John Corporation","Spreader - Air and Surface Temp"
143,143,2013-03-06 13:51:32.948-06,,"Sterling Truck","Headlight and Wiper Status"
144,144,2013-03-06 13:51:32.948-06,,"Vaisala, Inc.","PWD10 - Visibility"
145,145,2013-03-06 13:51:32.948-06,,"CANBUS - Atmospheric","Air Temp, Pressure"
146,146,2013-03-06 13:51:32.949-06,,"Airmar Technology Corporation","PB150 Ultrasonic - Temp,RH,Pressure"
147,147,2013-03-06 13:51:32.949-06,,"Omega Engineering, Inc.","OM-CP-ULTRASHOCK-50 - AT,RH,"
148,148,2013-03-06 13:51:32.949-06,,"Commercial Vehicle Group","RoadWatch SS - Air and Pavement Temp"
149,149,2013-03-06 14:20:34.014-06,,"Vaisala, Inc.","PTB101B"
