<?xml version="1.0" encoding="UTF-8"?> 
<!DOCTYPE log4j:configuration SYSTEM "log4j.dtd">
<log4j:configuration xmlns:log4j="http://jakarta.apache.org/log4j/" debug="false">
	<appender name="consoleAppender" class="org.apache.log4j.ConsoleAppender">
		<param name="Threshold" value="INFO" />
		<layout class="org.apache.log4j.PatternLayout">
			<param name="ConversionPattern" value="%d %-5p  [%c{1}] %m %n" />
		</layout>
	</appender>
	<appender name="fileAppender" class="org.apache.log4j.RollingFileAppender">
    	<param name="MaxFileSize" value="10000KB" />
    	<param name="MaxBackupIndex" value="1" />
		<param name="Threshold" value="INFO" />
		<param name="File" value="ClarusCollector.log" />
		<layout class="org.apache.log4j.PatternLayout">
			<param name="ConversionPattern" value="%d %-5p  [%c{1}] %m %n" />
		</layout>
	</appender>
	
	<logger name="wde.util.ClarusRealtimeDataCollector" additivity="false">
		<level value="INFO" />
		<appender-ref ref="consoleAppender" />
		<appender-ref ref="fileAppender" />
	</logger>
	<logger name="wde.util.DataProcessor" additivity="false">
		<level value="INFO" />
		<appender-ref ref="consoleAppender" />
		<appender-ref ref="fileAppender" />
	</logger>
	<logger name="wde.util.FileDownloader" additivity="false">
		<level value="INFO" />
		<appender-ref ref="consoleAppender" />
		<appender-ref ref="fileAppender" />
	</logger>
	<logger name="wde.util.FileCompressor" additivity="false">
		<level value="INFO" />
		<appender-ref ref="consoleAppender" />
		<appender-ref ref="fileAppender" />
	</logger>
	<logger name="wde.util.ClarusObsFileCollector" additivity="false">
		<level value="INFO" />
		<appender-ref ref="consoleAppender" />
		<appender-ref ref="fileAppender" />
	</logger>
</log4j:configuration>