"id","stationCode","category","description","type","contribId","siteId","locBaseLat","locBaseLong","locBaseElev","locBaseDatum","powerType","doorOpen","batteryStatus","lineVolts","maintContactId","maintArea","maintPrevFreq","maintCalibFreq","maintStatus","maintInstallDate","rpuNumCards","rpuCommType","rpuPhoneNum","rpuIPAddress","rpuMfr","rpuUTCOffset","rpuDST","obsCollFreq","obsCollOffset","obsTransFreq","obsTransOffset","obsTransFormat"
30001,"RiverdaleRd","P","Riverdale Road",0,3,30001,41.174778000,-112.009081000,1389.000000000,,,,,,3,,,,,,,,,,,,,,,,,
120016,"274016","P","SR 1 @ Murderkill River",0,12,120016,39.014910300,-75.461348800,20.000000000,,,,,,40,,,,,,,,,,,,,,,,,
120017,"274017","P","SR 1 @ Trap Shooters Rd",0,12,120017,39.084150000,-75.458510000,20.000000000,,,,,,40,,,,,,,,,,,,,,,,,
460001,"2100.11079100","P","IH0035_near_US0183",0,46,460001,30.341959000,-97.697584000,149.000000000,,,,,,73,,,,,,,,,,,,,,,,,
460002,"36750.11041100","P","IH0035_near_RM1431",0,46,460002,30.558720000,-97.691461000,149.000000000,,,,,,73,,,,,,,,,,,,,,,,,

contribId:
3 -> 3 
12 -> 12 
46 -> 46

siteId:
30001 -> 5813 
120016 -> 5814
120017 -> 5815
460001 -> 5816
460002 -> 5817

