"id","updatetime","sensortypeid","obstypeid","isdefault","minrange","maxrange","resolution","accuracy","ratepos","rateneg","rateinterval","persistinterval","persistthreshold","likethreshold"
1,2013-03-06 19:51:33.082+00,1,574,t,-50,80,0,0,10.000000000,-10.000000000,0.000000000,14400.000000000,0.000000000,3.000000000
3,2013-03-06 19:51:33.084+00,1,575,t,-50,80,0,1,15.000000000,-15.000000000,0.000000000,21600.000000000,0.000000000,4.000000000
4,2013-03-06 19:51:33.085+00,1,576,t,-50,80,0,1,30.000000000,-30.000000000,0.000000000,259200.000000000,0.000000000,3.000000000
5,2013-03-06 19:51:33.086+00,1,577,t,-50,80,0,1,30.000000000,-30.000000000,0.000000000,259200.000000000,0.000000000,3.000000000
7,2013-03-06 19:51:33.087+00,1,581,t,10,100,0,5,50.000000000,-50.000000000,0.000000000,21600.000000000,0.000000000,10.000000000
9,2013-03-06 19:51:33.088+00,1,5733,t,-50,80,0,1,11.000000000,-14.000000000,0.000000000,14400.000000000,0.000000000,3.000000000
10,2013-03-06 19:51:33.089+00,2,554,t,600,1060,0,3,10.000000000,-10.000000000,0.000000000,14400.000000000,0.000000000,2.000000000
12,2013-03-06 19:51:33.09+00,6,204,t,0,100,0,0,100.000000000,-100.000000000,0.000000000,0.000000000,0.000000000,25.000000000
13,2013-03-06 19:51:33.09+00,6,51137,t,1,14,0,0,0.000000000,0.000000000,0.000000000,0.000000000,0.000000000,0.000000000
15,2013-03-06 19:51:33.09+00,6,51138,t,-52,80,0,0.200000003,20.000000000,-35.000000000,0.000000000,32400.000000000,0.000000000,10.000000000
16,2013-03-06 19:51:33.091+00,6,51165,t,-52,80,0,0.200000003,5.000000000,-5.000000000,0.000000000,14400.000000000,0.000000000,10.000000000
18,2013-03-06 19:51:33.091+00,6,511313,t,-52,80,0,0.200000003,20.000000000,-35.000000000,0.000000000,32400.000000000,0.000000000,10.000000000
19,2013-03-06 19:51:33.091+00,6,511313,f,-52,80,0,0.200000003,20.000000000,-35.000000000,0.000000000,32400.000000000,0.000000000,10.000000000
20,2013-03-06 19:51:33.092+00,6,511316,t,0,2150000,0,0,50.000000000,-50.000000000,0.000000000,0.000000000,0.000000000,0.500000000
21,2013-03-06 19:51:33.092+00,7,204,t,0,100,0,0,100.000000000,-100.000000000,0.000000000,0.000000000,0.000000000,25.000000000
23,2013-03-06 19:51:33.092+00,7,51138,t,-52,80,0,0.200000003,20.000000000,-35.000000000,0.000000000,32400.000000000,0.000000000,10.000000000
24,2013-03-06 19:51:33.093+00,7,511313,t,-52,80,0,0.200000003,20.000000000,-35.000000000,0.000000000,32400.000000000,0.000000000,10.000000000
25,2013-03-06 19:51:33.093+00,9,207,t,1,15,0,0,0.000000000,0.000000000,0.000000000,0.000000000,0.000000000,0.000000000
26,2013-03-06 19:51:33.093+00,10,205,t,0,1.26999998,0,0.200000003,40.000000000,0.000000000,0.000000000,0.000000000,0.000000000,2.500000000
27,2013-03-06 19:51:33.094+00,10,587,t,0,7.61999989,0,0.200000003,25.400000000,-25.400000000,0.000000000,10800.000000000,0.000000000,0.100000000
28,2013-03-06 19:51:33.094+00,10,5813,t,0,7.61999989,0,0.200000003,10.000000000,-10.000000000,0.000000000,7200.000000000,0.000000000,0.500000000
29,2013-03-06 19:51:33.094+00,10,5814,t,0,22.8600006,0,0.200000003,15.000000000,-15.000000000,0.000000000,7200.000000000,0.000000000,0.500000000
30,2013-03-06 19:51:33.094+00,10,5815,t,0,45.7200012,0,0.200000003,20.000000000,-20.000000000,0.000000000,7200.000000000,0.000000000,0.500000000
31,2013-03-06 19:51:33.095+00,10,5816,t,0,91.4400024,0,0.200000003,25.000000000,-25.000000000,0.000000000,7200.000000000,0.000000000,0.500000000
32,2013-03-06 19:51:33.095+00,10,5817,t,0,182.880005,0,0.200000003,40.000000000,-40.000000000,0.000000000,3600.000000000,0.000000000,0.700000000
33,2013-03-06 19:51:33.095+00,11,205,t,0,2.53999996,0,0.200000003,40.000000000,0.000000000,0.000000000,0.000000000,0.000000000,2.500000000
34,2013-03-06 19:51:33.096+00,11,587,t,0,15.2399998,0,0.200000003,25.400000000,-25.400000000,0.000000000,10800.000000000,0.000000000,0.100000000
35,2013-03-06 19:51:33.096+00,11,5813,t,0,15.2399998,0,0.200000003,10.000000000,-10.000000000,0.000000000,7200.000000000,0.000000000,0.500000000
36,2013-03-06 19:51:33.096+00,11,5814,t,0,45.7200012,0,0.200000003,15.000000000,-15.000000000,0.000000000,7200.000000000,0.000000000,0.500000000
37,2013-03-06 19:51:33.097+00,11,5815,t,0,91.4400024,0,0.200000003,20.000000000,-20.000000000,0.000000000,7200.000000000,0.000000000,0.500000000
38,2013-03-06 19:51:33.097+00,11,5816,t,0,182.880005,0,0.200000003,25.000000000,-25.000000000,0.000000000,7200.000000000,0.000000000,0.500000000
39,2013-03-06 19:51:33.097+00,11,5817,t,0,365.76001,0,0.200000003,40.000000000,-40.000000000,0.000000000,3600.000000000,0.000000000,0.700000000
40,2013-03-06 19:51:33.098+00,12,205,t,0,2.53999996,0,0.200000003,40.000000000,0.000000000,0.000000000,0.000000000,0.000000000,2.500000000
41,2013-03-06 19:51:33.098+00,12,587,t,0,15.2399998,0,0.200000003,25.400000000,-25.400000000,0.000000000,10800.000000000,0.000000000,0.100000000
42,2013-03-06 19:51:33.098+00,12,5813,t,0,15.2399998,0,0.200000003,10.000000000,-10.000000000,0.000000000,7200.000000000,0.000000000,0.500000000
43,2013-03-06 19:51:33.099+00,12,5814,t,0,45.7200012,0,0.200000003,15.000000000,-15.000000000,0.000000000,7200.000000000,0.000000000,0.500000000
44,2013-03-06 19:51:33.099+00,12,5815,t,0,91.4400024,0,0.200000003,20.000000000,-20.000000000,0.000000000,7200.000000000,0.000000000,0.500000000
45,2013-03-06 19:51:33.099+00,12,5816,t,0,182.880005,0,0.200000003,25.000000000,-25.000000000,0.000000000,7200.000000000,0.000000000,0.500000000
46,2013-03-06 19:51:33.099+00,12,5817,t,0,365.76001,0,0.200000003,40.000000000,-40.000000000,0.000000000,3600.000000000,0.000000000,0.700000000
48,2013-03-06 19:51:33.1+00,14,51165,t,-52,80,0,0.200000003,5.000000000,-5.000000000,0.000000000,14400.000000000,0.000000000,10.000000000
49,2013-03-06 19:51:33.1+00,16,206,t,1,6,0,0,0.000000000,0.000000000,0.000000000,0.000000000,0.000000000,0.000000000
50,2013-03-06 19:51:33.1+00,16,207,t,1,15,0,0,0.000000000,0.000000000,0.000000000,0.000000000,0.000000000,0.000000000
52,2013-03-06 19:51:33.101+00,16,587,t,0,300,0,2,25.400000000,-25.400000000,0.000000000,10800.000000000,0.000000000,0.100000000
53,2013-03-06 19:51:33.101+00,16,5101,t,0,3000,0,0,40000.000000000,-40000.000000000,0.000000000,86400.000000000,0.000000000,200.000000000
54,2013-03-06 19:51:33.101+00,16,5811,t,0,3e+09,0,0,0.000000000,0.000000000,0.000000000,0.000000000,0.000000000,900.000000000
55,2013-03-06 19:51:33.102+00,16,5812,t,0,3e+09,0,0,0.000000000,0.000000000,0.000000000,0.000000000,0.000000000,900.000000000
56,2013-03-06 19:51:33.102+00,16,5813,t,0,300,9.99999975e-05,0,10.000000000,-10.000000000,0.000000000,7200.000000000,0.000000000,0.500000000
57,2013-03-06 19:51:33.102+00,16,5814,t,0,900,9.99999975e-05,0,15.000000000,-15.000000000,0.000000000,7200.000000000,0.000000000,0.500000000
58,2013-03-06 19:51:33.103+00,16,5815,t,0,1800,9.99999975e-05,0,20.000000000,-20.000000000,0.000000000,7200.000000000,0.000000000,0.500000000
59,2013-03-06 19:51:33.103+00,16,5816,t,0,3600,9.99999975e-05,0,25.000000000,-25.000000000,0.000000000,7200.000000000,0.000000000,0.500000000
61,2013-03-06 19:51:33.103+00,16,5817,t,0,7200,9.99999975e-05,0,40.000000000,-40.000000000,0.000000000,3600.000000000,0.000000000,0.700000000
62,2013-03-06 19:51:33.103+00,17,56104,t,0,60,0,0.300000012,30.000000000,-30.000000000,0.000000000,21600.000000000,0.000000000,5.000000000
63,2013-03-06 19:51:33.104+00,17,56105,t,0,360,0,3,360.000000000,-360.000000000,0.000000000,21600.000000000,0.000000000,20.000000000
64,2013-03-06 19:51:33.104+00,17,56108,t,0,60,0,0.300000012,50.000000000,-50.000000000,0.000000000,21600.000000000,0.000000000,10.000000000
65,2013-03-06 19:51:33.104+00,17,56109,t,0,360,0,3,360.000000000,-360.000000000,0.000000000,21600.000000000,0.000000000,20.000000000
66,2013-03-06 19:51:33.105+00,18,56104,t,0,60,0,0.300000012,30.000000000,-30.000000000,0.000000000,21600.000000000,0.000000000,5.000000000
67,2013-03-06 19:51:33.105+00,18,56105,t,0,360,0,3,360.000000000,-360.000000000,0.000000000,21600.000000000,0.000000000,20.000000000
68,2013-03-06 19:51:33.105+00,18,56108,t,0,60,0,0.300000012,50.000000000,-50.000000000,0.000000000,21600.000000000,0.000000000,10.000000000
69,2013-03-06 19:51:33.106+00,18,56109,t,0,360,0,3,360.000000000,-360.000000000,0.000000000,21600.000000000,0.000000000,20.000000000
70,2013-03-06 19:51:33.106+00,19,56104,t,0,60,0,0.300000012,30.000000000,-30.000000000,0.000000000,21600.000000000,0.000000000,5.000000000
71,2013-03-06 19:51:33.106+00,19,56105,t,0,360,0,3,360.000000000,-360.000000000,0.000000000,21600.000000000,0.000000000,20.000000000
72,2013-03-06 19:51:33.107+00,19,56108,t,0,60,0,0.300000012,50.000000000,-50.000000000,0.000000000,21600.000000000,0.000000000,10.000000000
73,2013-03-06 19:51:33.107+00,19,56109,t,0,360,0,3,360.000000000,-360.000000000,0.000000000,21600.000000000,0.000000000,20.000000000
75,2013-03-06 19:51:33.107+00,20,56104,t,0,60,0,0.300000012,30.000000000,-30.000000000,0.000000000,21600.000000000,0.000000000,5.000000000
77,2013-03-06 19:51:33.108+00,20,56105,t,0,360,0,3,360.000000000,-360.000000000,0.000000000,21600.000000000,0.000000000,20.000000000
79,2013-03-06 19:51:33.108+00,20,56108,t,0,60,0,0.300000012,50.000000000,-50.000000000,0.000000000,21600.000000000,0.000000000,10.000000000
81,2013-03-06 19:51:33.108+00,20,56109,t,0,360,0,3,360.000000000,-360.000000000,0.000000000,21600.000000000,0.000000000,20.000000000
82,2013-03-06 19:51:33.108+00,21,581,t,0.800000012,100,0,3,50.000000000,-50.000000000,0.000000000,21600.000000000,0.000000000,10.000000000
83,2013-03-06 19:51:33.109+00,21,5733,t,-40,60,0,0.200000003,11.000000000,-14.000000000,0.000000000,14400.000000000,0.000000000,3.000000000
84,2013-03-06 19:51:33.109+00,24,51138,t,-40,60,0,0.200000003,20.000000000,-35.000000000,0.000000000,32400.000000000,0.000000000,10.000000000
85,2013-03-06 19:51:33.109+00,24,51139,t,-40,60,0,0.200000003,15.000000000,-15.000000000,0.000000000,32400.000000000,0.000000000,5.000000000
86,2013-03-06 19:51:33.11+00,25,51138,t,-40,60,0,0.200000003,20.000000000,-35.000000000,0.000000000,32400.000000000,0.000000000,10.000000000
87,2013-03-06 19:51:33.11+00,25,51139,t,-40,60,0,0.200000003,15.000000000,-15.000000000,0.000000000,32400.000000000,0.000000000,5.000000000
88,2013-03-06 19:51:33.11+00,28,56104,t,0,65,0,1.5,30.000000000,-30.000000000,0.000000000,21600.000000000,0.000000000,5.000000000
89,2013-03-06 19:51:33.111+00,28,56105,t,0,360,0,2,360.000000000,-360.000000000,0.000000000,21600.000000000,0.000000000,20.000000000
90,2013-03-06 19:51:33.111+00,28,56108,t,0,65,0,1.5,50.000000000,-50.000000000,0.000000000,21600.000000000,0.000000000,10.000000000
91,2013-03-06 19:51:33.111+00,29,56104,t,0,75,0,0.5,30.000000000,-30.000000000,0.000000000,21600.000000000,0.000000000,5.000000000
92,2013-03-06 19:51:33.112+00,29,56105,t,0,360,0,3,360.000000000,-360.000000000,0.000000000,21600.000000000,0.000000000,20.000000000
93,2013-03-06 19:51:33.112+00,29,56108,t,0,75,0,0.5,50.000000000,-50.000000000,0.000000000,21600.000000000,0.000000000,10.000000000
94,2013-03-06 19:51:33.112+00,30,587,t,0,300,0,0,25.400000000,-25.400000000,0.000000000,10800.000000000,0.000000000,0.100000000
95,2013-03-06 19:51:33.113+00,31,206,t,1,6,0,0,0.000000000,0.000000000,0.000000000,0.000000000,0.000000000,0.000000000
2378,2013-12-18 00:00:00+00,153,207,t,,,,,,,,,,
96,2013-03-06 19:51:33.113+00,31,207,t,1,15,0,0,0.000000000,0.000000000,0.000000000,0.000000000,0.000000000,0.000000000
98,2013-03-06 19:51:33.113+00,31,587,t,0,300,0,0,25.400000000,-25.400000000,0.000000000,10800.000000000,0.000000000,0.100000000
100,2013-03-06 19:51:33.114+00,31,5101,t,0,11433,0,0,40000.000000000,-40000.000000000,0.000000000,86400.000000000,0.000000000,200.000000000
101,2013-03-06 19:51:33.114+00,31,5101,f,1,10000,0,0,40000.000000000,-40000.000000000,0.000000000,86400.000000000,0.000000000,200.000000000
102,2013-03-06 19:51:33.114+00,31,5811,t,0,3e+09,0,0,0.000000000,0.000000000,0.000000000,0.000000000,0.000000000,900.000000000
103,2013-03-06 19:51:33.114+00,31,5812,t,0,3e+09,0,0,0.000000000,0.000000000,0.000000000,0.000000000,0.000000000,900.000000000
104,2013-03-06 19:51:33.115+00,31,5813,t,0,300,0,0,10.000000000,-10.000000000,0.000000000,7200.000000000,0.000000000,0.500000000
105,2013-03-06 19:51:33.115+00,31,5814,t,0,900,0,0,15.000000000,-15.000000000,0.000000000,7200.000000000,0.000000000,0.500000000
106,2013-03-06 19:51:33.115+00,31,5815,t,0,1800,0,0,20.000000000,-20.000000000,0.000000000,7200.000000000,0.000000000,0.500000000
107,2013-03-06 19:51:33.116+00,31,5816,t,0,3600,0,0,25.000000000,-25.000000000,0.000000000,7200.000000000,0.000000000,0.500000000
109,2013-03-06 19:51:33.116+00,31,5817,t,0,7200,0,0,40.000000000,-40.000000000,0.000000000,3600.000000000,0.000000000,0.700000000
110,2013-03-06 19:51:33.116+00,32,587,t,0,50,0,0,25.400000000,-25.400000000,0.000000000,10800.000000000,0.000000000,0.100000000
111,2013-03-06 19:51:33.117+00,33,587,t,0,50,0,0.100000001,25.400000000,-25.400000000,0.000000000,10800.000000000,0.000000000,0.100000000
112,2013-03-06 19:51:33.117+00,33,5101,t,0,2000,0,100,40000.000000000,-40000.000000000,0.000000000,86400.000000000,0.000000000,200.000000000
113,2013-03-06 19:51:33.117+00,34,581,t,0,100,0,3,50.000000000,-50.000000000,0.000000000,21600.000000000,0.000000000,10.000000000
114,2013-03-06 19:51:33.117+00,34,5733,t,-30,50,0,0.100000001,11.000000000,-14.000000000,0.000000000,14400.000000000,0.000000000,3.000000000
115,2013-03-06 19:51:33.118+00,35,581,t,3,103,0,3,50.000000000,-50.000000000,0.000000000,21600.000000000,0.000000000,10.000000000
116,2013-03-06 19:51:33.118+00,36,5733,t,-80,150,0,0.5,11.000000000,-14.000000000,0.000000000,14400.000000000,0.000000000,3.000000000
117,2013-03-06 19:51:33.118+00,37,554,t,500,1100,0,0.400000006,10.000000000,-10.000000000,0.000000000,14400.000000000,0.000000000,2.000000000
118,2013-03-06 19:51:33.119+00,38,595,t,-1,1500,0,0,800.000000000,-800.000000000,0.000000000,72000.000000000,0.000000000,200.000000000
119,2013-03-06 19:51:33.119+00,39,51165,t,-30,50,0,0.5,5.000000000,-5.000000000,0.000000000,14400.000000000,0.000000000,10.000000000
120,2013-03-06 19:51:33.119+00,40,554,t,700,1100,0,0.400000006,10.000000000,-10.000000000,0.000000000,14400.000000000,0.000000000,2.000000000
121,2013-03-06 19:51:33.12+00,41,51165,t,-30,50,0,0.5,5.000000000,-5.000000000,0.000000000,14400.000000000,0.000000000,10.000000000
122,2013-03-06 19:51:33.12+00,42,56104,t,0,65,0.5,1,30.000000000,-30.000000000,0.000000000,21600.000000000,0.000000000,5.000000000
123,2013-03-06 19:51:33.12+00,42,56105,t,0,360,1,2,360.000000000,-360.000000000,0.000000000,21600.000000000,0.000000000,20.000000000
124,2013-03-06 19:51:33.121+00,42,56108,t,0,65,0.5,1,50.000000000,-50.000000000,0.000000000,21600.000000000,0.000000000,10.000000000
125,2013-03-06 19:51:33.121+00,43,56104,t,0,64,0.5,0.600000024,30.000000000,-30.000000000,0.000000000,21600.000000000,0.000000000,5.000000000
126,2013-03-06 19:51:33.121+00,43,56105,t,0,360,1,2,360.000000000,-360.000000000,0.000000000,21600.000000000,0.000000000,20.000000000
127,2013-03-06 19:51:33.121+00,43,56108,t,0,64,0.5,0.600000024,50.000000000,-50.000000000,0.000000000,21600.000000000,0.000000000,10.000000000
128,2013-03-06 19:51:33.122+00,44,5733,t,-62,54,0.0599999987,0.600000024,11.000000000,-14.000000000,0.000000000,14400.000000000,0.000000000,3.000000000
129,2013-03-06 19:51:33.122+00,45,5733,t,-62,54,0.0599999987,0.600000024,11.000000000,-14.000000000,0.000000000,14400.000000000,0.000000000,3.000000000
130,2013-03-06 19:51:33.122+00,46,575,t,-62,30,0.0599999987,1.10000002,15.000000000,-15.000000000,0.000000000,21600.000000000,0.000000000,4.000000000
131,2013-03-06 19:51:33.123+00,47,5101,t,0,50000,0,0,40000.000000000,-40000.000000000,0.000000000,86400.000000000,0.000000000,200.000000000
132,2013-03-06 19:51:33.123+00,47,5101,f,5,50000,0,0,40000.000000000,-40000.000000000,0.000000000,86400.000000000,0.000000000,200.000000000
133,2013-03-06 19:51:33.123+00,50,5813,t,0,25.3999996,0,0,10.000000000,-10.000000000,0.000000000,7200.000000000,0.000000000,0.500000000
134,2013-03-06 19:51:33.124+00,50,5814,t,0,76.1999969,0,0,15.000000000,-15.000000000,0.000000000,7200.000000000,0.000000000,0.500000000
135,2013-03-06 19:51:33.124+00,50,5817,t,0,609.599976,0,0,40.000000000,-40.000000000,0.000000000,3600.000000000,0.000000000,0.700000000
136,2013-03-06 19:51:33.124+00,51,5813,t,0,25.3999996,0,0,10.000000000,-10.000000000,0.000000000,7200.000000000,0.000000000,0.500000000
137,2013-03-06 19:51:33.125+00,51,5814,t,0,76.1999969,0,0,15.000000000,-15.000000000,0.000000000,7200.000000000,0.000000000,0.500000000
138,2013-03-06 19:51:33.125+00,51,5817,t,0,609.599976,0,0,40.000000000,-40.000000000,0.000000000,3600.000000000,0.000000000,0.700000000
139,2013-03-06 19:51:33.125+00,52,554,t,600,1100,0,0,10.000000000,-10.000000000,0.000000000,14400.000000000,0.000000000,2.000000000
140,2013-03-06 19:51:33.125+00,54,554,t,880,1084,0,1.35000002,10.000000000,-10.000000000,0.000000000,14400.000000000,0.000000000,2.000000000
141,2013-03-06 19:51:33.126+00,55,592,t,0,1440,0,1,1000.000000000,-1000.000000000,0.000000000,259200.000000000,0.000000000,30.000000000
142,2013-03-06 19:51:33.126+00,55,596,t,0,10000000,0,0,0.000000000,0.000000000,0.000000000,86400.000000000,0.000000000,500000.000000000
143,2013-03-06 19:51:33.126+00,55,597,t,0,32000000,0,0,0.000000000,0.000000000,0.000000000,86400.000000000,0.000000000,500000.000000000
144,2013-03-06 19:51:33.127+00,56,587,t,0,50,0,0,25.400000000,-25.400000000,0.000000000,10800.000000000,0.000000000,0.100000000
145,2013-03-06 19:51:33.127+00,56,5101,t,0,48280,0,0,40000.000000000,-40000.000000000,0.000000000,86400.000000000,0.000000000,200.000000000
146,2013-03-06 19:51:33.127+00,57,587,t,0,50,0,0,25.400000000,-25.400000000,0.000000000,10800.000000000,0.000000000,0.100000000
147,2013-03-06 19:51:33.128+00,57,5811,t,0,3e+09,0,0,0.000000000,0.000000000,0.000000000,0.000000000,0.000000000,900.000000000
148,2013-03-06 19:51:33.128+00,57,5812,t,0,3e+09,0,0,0.000000000,0.000000000,0.000000000,0.000000000,0.000000000,900.000000000
149,2013-03-06 19:51:33.128+00,57,5813,t,0,300,0,0,10.000000000,-10.000000000,0.000000000,7200.000000000,0.000000000,0.500000000
150,2013-03-06 19:51:33.129+00,57,5814,t,0,900,0,0,15.000000000,-15.000000000,0.000000000,7200.000000000,0.000000000,0.500000000
151,2013-03-06 19:51:33.129+00,57,5815,t,0,1800,0,0,20.000000000,-20.000000000,0.000000000,7200.000000000,0.000000000,0.500000000
152,2013-03-06 19:51:33.129+00,57,5816,t,0,3600,0,0,25.000000000,-25.000000000,0.000000000,7200.000000000,0.000000000,0.500000000
153,2013-03-06 19:51:33.129+00,57,5817,t,0,7200,0,0,40.000000000,-40.000000000,0.000000000,3600.000000000,0.000000000,0.700000000
154,2013-03-06 19:51:33.13+00,59,51138,t,-55,85,0,0,20.000000000,-35.000000000,0.000000000,32400.000000000,0.000000000,10.000000000
155,2013-03-06 19:51:33.13+00,60,51138,t,-52,80,0,0,20.000000000,-35.000000000,0.000000000,32400.000000000,0.000000000,10.000000000
156,2013-03-06 19:51:33.131+00,60,511313,t,-40,0,0,0,20.000000000,-35.000000000,0.000000000,32400.000000000,0.000000000,10.000000000
157,2013-03-06 19:51:33.131+00,61,51138,t,-52,80,0,0,20.000000000,-35.000000000,0.000000000,32400.000000000,0.000000000,10.000000000
159,2013-03-06 19:51:33.131+00,62,575,t,-50,80,0,0,15.000000000,-15.000000000,0.000000000,21600.000000000,0.000000000,4.000000000
161,2013-03-06 19:51:33.131+00,62,581,t,10,100,0,0,50.000000000,-50.000000000,0.000000000,21600.000000000,0.000000000,10.000000000
163,2013-03-06 19:51:33.132+00,62,5733,t,-50,80,0,0,11.000000000,-14.000000000,0.000000000,14400.000000000,0.000000000,3.000000000
210,2013-03-06 19:51:33.132+00,63,554,t,600,1100,0.100000001,0.5,10.000000000,-10.000000000,0.000000000,14400.000000000,0.000000000,2.000000000
211,2013-03-06 19:51:33.132+00,64,574,t,-40,60,0.100000001,0.200000003,10.000000000,-10.000000000,0.000000000,14400.000000000,0.000000000,3.000000000
212,2013-03-06 19:51:33.133+00,64,575,t,-40,60,0.100000001,0.200000003,15.000000000,-15.000000000,0.000000000,21600.000000000,0.000000000,4.000000000
213,2013-03-06 19:51:33.133+00,64,576,t,-40,60,0.100000001,0.200000003,30.000000000,-30.000000000,0.000000000,259200.000000000,0.000000000,3.000000000
214,2013-03-06 19:51:33.133+00,64,577,t,-40,60,0.100000001,0.200000003,30.000000000,-30.000000000,0.000000000,259200.000000000,0.000000000,3.000000000
215,2013-03-06 19:51:33.134+00,64,581,t,0,100,1,1.5,50.000000000,-50.000000000,0.000000000,21600.000000000,0.000000000,10.000000000
216,2013-03-06 19:51:33.134+00,65,586,t,1,3,0,0,0.000000000,0.000000000,0.000000000,0.000000000,0.000000000,0.000000000
217,2013-03-06 19:51:33.134+00,65,587,t,0,600,0.00999999978,0.100000001,25.400000000,-25.400000000,0.000000000,10800.000000000,0.000000000,0.100000000
218,2013-03-06 19:51:33.135+00,65,589,t,0,2,0,0,0.000000000,0.000000000,0.000000000,0.000000000,0.000000000,0.000000000
219,2013-03-06 19:51:33.135+00,64,5733,t,-40,60,0.100000001,0.200000003,11.000000000,-14.000000000,0.000000000,14400.000000000,0.000000000,3.000000000
220,2013-03-06 19:51:33.135+00,65,5811,t,0,3e+09,0,0,0.000000000,0.000000000,0.000000000,0.000000000,0.000000000,900.000000000
221,2013-03-06 19:51:33.135+00,65,5812,t,0,3e+09,0,0,0.000000000,0.000000000,0.000000000,0.000000000,0.000000000,900.000000000
222,2013-03-06 19:51:33.136+00,65,5813,t,0,600,0.00999999978,0.100000001,10.000000000,-10.000000000,0.000000000,7200.000000000,0.000000000,0.500000000
223,2013-03-06 19:51:33.136+00,65,5814,t,0,1800,0.00999999978,0.100000001,15.000000000,-15.000000000,0.000000000,7200.000000000,0.000000000,0.500000000
224,2013-03-06 19:51:33.136+00,65,5815,t,0,3600,0.00999999978,0.100000001,20.000000000,-20.000000000,0.000000000,7200.000000000,0.000000000,0.500000000
225,2013-03-06 19:51:33.137+00,65,5816,t,0,7200,0.00999999978,0.100000001,25.000000000,-25.000000000,0.000000000,7200.000000000,0.000000000,0.500000000
226,2013-03-06 19:51:33.137+00,65,5817,t,0,14400,0.00999999978,0.100000001,40.000000000,-40.000000000,0.000000000,3600.000000000,0.000000000,0.700000000
227,2013-03-06 19:51:33.137+00,66,51137,t,1,14,0,0,0.000000000,0.000000000,0.000000000,0.000000000,0.000000000,0.000000000
228,2013-03-06 19:51:33.138+00,66,51138,t,-40,70,0.100000001,2,20.000000000,-35.000000000,0.000000000,32400.000000000,0.000000000,10.000000000
229,2013-03-06 19:51:33.138+00,67,51165,t,-35,50,0.100000001,0.200000003,5.000000000,-5.000000000,0.000000000,14400.000000000,0.000000000,10.000000000
230,2013-03-06 19:51:33.138+00,66,511311,t,0,100,0.100000001,1,0.000000000,0.000000000,0.000000000,0.000000000,0.000000000,0.000000000
231,2013-03-06 19:51:33.138+00,66,511313,t,-20,0,0.100000001,0.100000001,20.000000000,-35.000000000,0.000000000,32400.000000000,0.000000000,10.000000000
232,2013-03-06 19:51:33.139+00,66,511316,t,0,2150000,0.100000001,1,50.000000000,-50.000000000,0.000000000,0.000000000,0.000000000,0.500000000
233,2013-03-06 19:51:33.139+00,20,56106,t,0,60,0,0.300000012,30.000000000,-30.000000000,0.000000000,21600.000000000,0.000000000,20.000000000
234,2013-03-06 19:51:33.139+00,20,56107,t,0,360,0,3,360.000000000,-360.000000000,0.000000000,21600.000000000,0.000000000,20.000000000
235,2013-03-06 19:51:33.14+00,13,583,t,0,1000,0,0,50.000000000,-50.000000000,0.000000000,0.000000000,0.000000000,15.000000000
236,2013-03-06 19:51:33.14+00,13,588,t,0,1000,0,0,50.000000000,-50.000000000,0.000000000,0.000000000,0.000000000,15.000000000
237,2013-03-06 19:51:33.14+00,25,51137,t,1,14,0,0,0.000000000,0.000000000,0.000000000,0.000000000,0.000000000,0.000000000
238,2013-03-06 19:51:33.141+00,25,51165,t,-40,60,0,0,5.000000000,-5.000000000,0.000000000,14400.000000000,0.000000000,10.000000000
239,2013-03-06 19:51:33.141+00,25,511313,t,-40,0,0,0,20.000000000,-35.000000000,0.000000000,32400.000000000,0.000000000,10.000000000
240,2013-03-06 19:51:33.141+00,27,583,t,0,1000,0,0,50.000000000,-50.000000000,0.000000000,0.000000000,0.000000000,15.000000000
241,2013-03-06 19:51:33.142+00,27,588,t,0,1000,0,0,50.000000000,-50.000000000,0.000000000,0.000000000,0.000000000,15.000000000
242,2013-03-06 19:51:33.142+00,35,575,t,-40,60,0,0,15.000000000,-15.000000000,0.000000000,21600.000000000,0.000000000,4.000000000
243,2013-03-06 19:51:33.142+00,35,5733,t,-40,60,0,0,11.000000000,-14.000000000,0.000000000,14400.000000000,0.000000000,3.000000000
244,2013-03-06 19:51:33.142+00,67,5733,t,-35,50,0,0,11.000000000,-14.000000000,0.000000000,14400.000000000,0.000000000,3.000000000
245,2013-03-06 19:51:33.143+00,67,51139,t,-35,50,0,0,15.000000000,-15.000000000,0.000000000,32400.000000000,0.000000000,5.000000000
246,2013-03-06 19:51:33.143+00,69,575,t,-40,56,0,0,15.000000000,-15.000000000,0.000000000,21600.000000000,0.000000000,4.000000000
247,2013-03-06 19:51:33.143+00,69,581,t,12,100,0,0,50.000000000,-50.000000000,0.000000000,21600.000000000,0.000000000,10.000000000
248,2013-03-06 19:51:33.144+00,69,5733,t,-40,56,0,0,11.000000000,-14.000000000,0.000000000,14400.000000000,0.000000000,3.000000000
249,2013-03-06 19:51:33.144+00,70,5813,t,0,300,0,0,10.000000000,-10.000000000,0.000000000,7200.000000000,0.000000000,0.500000000
250,2013-03-06 19:51:33.144+00,71,5813,t,0,300,0,0,10.000000000,-10.000000000,0.000000000,7200.000000000,0.000000000,0.500000000
251,2013-03-06 19:51:33.145+00,72,51139,t,-43,48,0,0,15.000000000,-15.000000000,0.000000000,32400.000000000,0.000000000,5.000000000
252,2013-03-06 19:51:33.145+00,72,51165,t,-43,48,0,0,5.000000000,-5.000000000,0.000000000,14400.000000000,0.000000000,10.000000000
253,2013-03-06 19:51:33.145+00,72,511313,t,-43,0,0,0,20.000000000,-35.000000000,0.000000000,32400.000000000,0.000000000,10.000000000
254,2013-03-06 19:51:33.146+00,73,56104,t,0,100,0,0,30.000000000,-30.000000000,0.000000000,21600.000000000,0.000000000,5.000000000
255,2013-03-06 19:51:33.146+00,73,56105,t,0,360,0,0,360.000000000,-360.000000000,0.000000000,21600.000000000,0.000000000,20.000000000
256,2013-03-06 19:51:33.146+00,6,511311,t,0,100,0,0,0.000000000,0.000000000,0.000000000,0.000000000,0.000000000,0.000000000
257,2013-03-06 19:51:33.146+00,8,586,t,1,3,0,0,0.000000000,0.000000000,0.000000000,0.000000000,0.000000000,0.000000000
258,2013-03-06 19:51:33.147+00,8,5811,t,0,3e+09,0,0,0.000000000,0.000000000,0.000000000,0.000000000,0.000000000,900.000000000
259,2013-03-06 19:51:33.147+00,8,5812,t,0,3e+09,0,0,0.000000000,0.000000000,0.000000000,0.000000000,0.000000000,900.000000000
260,2013-03-06 19:51:33.147+00,60,204,t,0,100,0,0,100.000000000,-100.000000000,0.000000000,0.000000000,0.000000000,25.000000000
261,2013-03-06 19:51:33.148+00,61,586,t,1,3,0,0,0.000000000,0.000000000,0.000000000,0.000000000,0.000000000,0.000000000
262,2013-03-06 19:51:33.148+00,61,5811,t,0,3e+09,0,0,0.000000000,0.000000000,0.000000000,0.000000000,0.000000000,900.000000000
263,2013-03-06 19:51:33.148+00,61,5812,t,0,3e+09,0,0,0.000000000,0.000000000,0.000000000,0.000000000,0.000000000,900.000000000
264,2013-03-06 19:51:33.149+00,9,586,t,1,3,0,0,0.000000000,0.000000000,0.000000000,0.000000000,0.000000000,0.000000000
265,2013-03-06 19:51:33.149+00,74,51165,t,-40,75,0,0.180000007,5.000000000,-5.000000000,0.000000000,14400.000000000,0.000000000,10.000000000
266,2013-03-06 19:51:33.149+00,74,5733,t,-40,75,0,0.180000007,11.000000000,-14.000000000,0.000000000,14400.000000000,0.000000000,3.000000000
267,2013-03-06 19:51:33.149+00,74,51139,t,-40,75,0,0.180000007,15.000000000,-15.000000000,0.000000000,32400.000000000,0.000000000,5.000000000
268,2013-03-06 19:51:33.15+00,75,511313,t,-20,0,0.100000001,1,20.000000000,-35.000000000,0.000000000,32400.000000000,0.000000000,10.000000000
269,2013-03-06 19:51:33.15+00,21,574,t,-40,60,0,0,11.000000000,-14.000000000,0.000000000,14400.000000000,0.000000000,3.000000000
270,2013-03-06 19:51:33.15+00,24,51165,t,-40,60,0,0.200000003,5.000000000,-5.000000000,0.000000000,14400.000000000,0.000000000,10.000000000
271,2013-03-06 19:51:33.151+00,24,511313,t,-40,60,0,0.200000003,20.000000000,-35.000000000,0.000000000,32400.000000000,0.000000000,10.000000000
272,2013-03-06 19:51:33.151+00,26,5101,t,0,50000,0,0,40000.000000000,-40000.000000000,0.000000000,86400.000000000,0.000000000,200.000000000
273,2013-03-06 19:51:33.151+00,32,5101,t,0,50000,0,0,40000.000000000,-40000.000000000,0.000000000,86400.000000000,0.000000000,200.000000000
274,2013-03-06 19:51:33.152+00,34,575,t,-30,50,0,0.100000001,15.000000000,-15.000000000,0.000000000,21600.000000000,0.000000000,4.000000000
275,2013-03-06 19:51:33.152+00,75,51138,t,-40,80,0,0,20.000000000,-35.000000000,0.000000000,32400.000000000,0.000000000,10.000000000
276,2013-03-06 19:51:33.152+00,23,5733,t,-10,60,0,0,11.000000000,-14.000000000,0.000000000,14400.000000000,0.000000000,3.000000000
277,2013-03-06 19:51:33.153+00,23,575,t,-10,60,0,0,15.000000000,-15.000000000,0.000000000,21600.000000000,0.000000000,4.000000000
278,2013-03-06 19:51:33.153+00,23,581,t,0,98,0,0,50.000000000,-50.000000000,0.000000000,21600.000000000,0.000000000,10.000000000
279,2013-03-06 19:51:33.153+00,33,206,t,1,6,0,0,0.000000000,0.000000000,0.000000000,0.000000000,0.000000000,0.000000000
280,2013-03-06 19:51:33.154+00,33,207,t,1,15,0,0,0.000000000,0.000000000,0.000000000,0.000000000,0.000000000,0.000000000
281,2013-03-06 19:51:33.154+00,77,51165,t,-80,80,0,0,5.000000000,-5.000000000,0.000000000,14400.000000000,0.000000000,10.000000000
282,2013-03-06 19:51:33.154+00,76,56104,t,0,60,0,0,30.000000000,-30.000000000,0.000000000,21600.000000000,0.000000000,5.000000000
283,2013-03-06 19:51:33.154+00,76,56105,t,0,360,0,0,360.000000000,-360.000000000,0.000000000,21600.000000000,0.000000000,20.000000000
284,2013-03-06 19:51:33.155+00,76,56108,t,0,60,0,0,50.000000000,-50.000000000,0.000000000,21600.000000000,0.000000000,10.000000000
285,2013-03-06 19:51:33.155+00,76,56109,t,0,360,0,0,360.000000000,-360.000000000,0.000000000,21600.000000000,0.000000000,20.000000000
286,2013-03-06 19:51:33.155+00,59,51137,t,1,14,0,0,0.000000000,0.000000000,0.000000000,0.000000000,0.000000000,0.000000000
287,2013-03-06 19:51:33.156+00,62,574,t,-50,80,0,0,11.000000000,-14.000000000,0.000000000,14400.000000000,0.000000000,3.000000000
288,2013-03-06 19:51:33.156+00,62,576,t,-50,80,0,0,30.000000000,-30.000000000,0.000000000,259200.000000000,0.000000000,3.000000000
289,2013-03-06 19:51:33.156+00,62,577,t,-50,80,0,0,30.000000000,-30.000000000,0.000000000,259200.000000000,0.000000000,3.000000000
290,2013-03-06 19:51:33.156+00,16,205,t,0,2.53999996,0,0.200000003,40.000000000,0.000000000,0.000000000,0.000000000,0.000000000,2.500000000
291,2013-03-06 19:51:33.157+00,8,207,t,1,15,0,0,0.000000000,0.000000000,0.000000000,0.000000000,0.000000000,0.000000000
292,2013-03-06 19:51:33.157+00,8,206,t,1,6,0,0,0.000000000,0.000000000,0.000000000,0.000000000,0.000000000,0.000000000
293,2013-03-06 19:51:33.157+00,31,5102,t,1,12,0,0,0.000000000,0.000000000,0.000000000,0.000000000,0.000000000,0.000000000
294,2013-03-06 19:51:33.158+00,32,207,t,1,15,0,0,0.000000000,0.000000000,0.000000000,0.000000000,0.000000000,0.000000000
295,2013-03-06 19:51:33.158+00,32,206,t,1,6,0,0,0.000000000,0.000000000,0.000000000,0.000000000,0.000000000,0.000000000
296,2013-03-06 19:51:33.158+00,78,554,t,800,1100,0.100000001,0.300000012,10.000000000,-10.000000000,0.000000000,14400.000000000,0.000000000,2.000000000
297,2013-03-06 19:51:33.159+00,79,589,t,0,2,0,0,0.000000000,0.000000000,0.000000000,0.000000000,0.000000000,0.000000000
298,2013-03-06 19:51:33.159+00,79,587,t,0,35,0,0,25.400000000,-25.400000000,0.000000000,10800.000000000,0.000000000,0.100000000
299,2013-03-06 19:51:33.159+00,79,588,t,0,1000,0,0,50.000000000,-50.000000000,0.000000000,0.000000000,0.000000000,15.000000000
300,2013-03-06 19:51:33.159+00,80,51137,t,1,14,0,0,0.000000000,0.000000000,0.000000000,0.000000000,0.000000000,0.000000000
301,2013-03-06 19:51:33.16+00,80,51138,t,-50,85,0.03125,0.300000012,20.000000000,-35.000000000,0.000000000,32400.000000000,0.000000000,10.000000000
302,2013-03-06 19:51:33.16+00,80,511313,t,-50,85,0.03125,0.300000012,20.000000000,-35.000000000,0.000000000,32400.000000000,0.000000000,10.000000000
303,2013-03-06 19:51:33.16+00,81,51165,t,-50,85,0.03125,0.300000012,5.000000000,-5.000000000,0.000000000,14400.000000000,0.000000000,10.000000000
304,2013-03-06 19:51:33.161+00,82,554,t,600,1100,0.100000001,1,10.000000000,-10.000000000,0.000000000,14400.000000000,0.000000000,2.000000000
305,2013-03-06 19:51:33.161+00,60,51137,t,1,14,0,0,0.000000000,0.000000000,0.000000000,0.000000000,0.000000000,0.000000000
306,2013-03-06 19:51:33.161+00,58,511313,t,-20,0,0,0.699999988,20.000000000,-35.000000000,0.000000000,32400.000000000,0.000000000,10.000000000
307,2013-03-06 19:51:33.162+00,6,511317,t,0,220,0,0,0.000000000,0.000000000,0.000000000,0.000000000,0.000000000,0.000000000
308,2013-03-06 19:51:33.162+00,83,51137,t,1,14,0,0,0.000000000,0.000000000,0.000000000,0.000000000,0.000000000,0.000000000
309,2013-03-06 19:51:33.162+00,83,51138,t,-30,80,0,0,20.000000000,-35.000000000,0.000000000,32400.000000000,0.000000000,10.000000000
310,2013-03-06 19:51:33.162+00,84,5733,t,-40,60,0,0.200000003,11.000000000,-14.000000000,0.000000000,14400.000000000,0.000000000,3.000000000
311,2013-03-06 19:51:33.163+00,84,581,t,0,100,0,1.5,50.000000000,-50.000000000,0.000000000,21600.000000000,0.000000000,10.000000000
312,2013-03-06 19:51:33.163+00,85,51165,t,-50,85,0.03125,0.300000012,5.000000000,-5.000000000,0.000000000,14400.000000000,0.000000000,10.000000000
313,2013-03-06 19:51:33.163+00,21,575,t,-40,60,0,0,15.000000000,-15.000000000,0.000000000,21600.000000000,0.000000000,4.000000000
314,2013-03-06 19:51:33.164+00,21,577,t,-50,80,0,0,30.000000000,-30.000000000,0.000000000,259200.000000000,0.000000000,3.000000000
315,2013-03-06 19:51:33.164+00,21,576,t,-50,80,0,0,30.000000000,-30.000000000,0.000000000,259200.000000000,0.000000000,3.000000000
316,2013-03-06 19:51:33.164+00,76,56107,t,0,360,0,0,360.000000000,-360.000000000,0.000000000,21600.000000000,0.000000000,20.000000000
317,2013-03-06 19:51:33.165+00,76,561010,t,0,15,0,0,0.000000000,0.000000000,0.000000000,0.000000000,0.000000000,0.000000000
318,2013-03-06 19:51:33.165+00,26,587,t,0,300,0,0,25.400000000,-25.400000000,0.000000000,10800.000000000,0.000000000,0.100000000
319,2013-03-06 19:51:33.165+00,26,586,t,1,3,0,0,0.000000000,0.000000000,0.000000000,0.000000000,0.000000000,0.000000000
320,2013-03-06 19:51:33.165+00,26,589,t,0,2,0,0,0.000000000,0.000000000,0.000000000,0.000000000,0.000000000,0.000000000
321,2013-03-06 19:51:33.166+00,26,5811,t,0,3e+09,0,0,0.000000000,0.000000000,0.000000000,0.000000000,0.000000000,900.000000000
322,2013-03-06 19:51:33.166+00,26,5812,t,0,3e+09,0,0,0.000000000,0.000000000,0.000000000,0.000000000,0.000000000,900.000000000
323,2013-03-06 19:51:33.166+00,26,5813,t,0,300,0,0,10.000000000,-10.000000000,0.000000000,7200.000000000,0.000000000,0.500000000
324,2013-03-06 19:51:33.167+00,26,5814,t,0,900,0,0,15.000000000,-15.000000000,0.000000000,7200.000000000,0.000000000,0.500000000
325,2013-03-06 19:51:33.167+00,26,5815,t,0,1800,0,0,20.000000000,-20.000000000,0.000000000,7200.000000000,0.000000000,0.500000000
326,2013-03-06 19:51:33.167+00,26,5816,t,0,3600,0,0,25.000000000,-25.000000000,0.000000000,7200.000000000,0.000000000,0.500000000
327,2013-03-06 19:51:33.167+00,26,5817,t,0,7200,0,0,40.000000000,-40.000000000,0.000000000,3600.000000000,0.000000000,0.700000000
328,2013-03-06 19:51:33.168+00,26,207,t,1,15,0,0,0.000000000,0.000000000,0.000000000,0.000000000,0.000000000,0.000000000
329,2013-03-06 19:51:33.168+00,26,206,t,1,6,0,0,0.000000000,0.000000000,0.000000000,0.000000000,0.000000000,0.000000000
330,2013-03-06 19:51:33.168+00,22,5733,t,-50,80,0,0,11.000000000,-14.000000000,0.000000000,14400.000000000,0.000000000,3.000000000
331,2013-03-06 19:51:33.169+00,22,581,t,0,100,0,0,50.000000000,-50.000000000,0.000000000,21600.000000000,0.000000000,10.000000000
332,2013-03-06 19:51:33.169+00,22,575,t,-40,60,0,0,15.000000000,-15.000000000,0.000000000,21600.000000000,0.000000000,4.000000000
333,2013-03-06 19:51:33.169+00,22,576,t,-40,60,0,0,30.000000000,-30.000000000,0.000000000,259200.000000000,0.000000000,3.000000000
334,2013-03-06 19:51:33.17+00,22,577,t,-50,80,0,0,30.000000000,-30.000000000,0.000000000,259200.000000000,0.000000000,3.000000000
335,2013-03-06 19:51:33.17+00,8,5101,t,0,50000,0,0,40000.000000000,-40000.000000000,0.000000000,86400.000000000,0.000000000,200.000000000
336,2013-03-06 19:51:33.17+00,8,587,t,0,300,0,0,25.400000000,-25.400000000,0.000000000,10800.000000000,0.000000000,0.100000000
337,2013-03-06 19:51:33.171+00,25,511316,t,0,2150000,0,0,50.000000000,-50.000000000,0.000000000,0.000000000,0.000000000,0.000000000
338,2013-03-06 19:51:33.171+00,25,204,t,0,100,0,0,100.000000000,-100.000000000,0.000000000,0.000000000,0.000000000,25.000000000
339,2013-03-06 19:51:33.171+00,91,5733,t,-50,80,0,0,11.000000000,-14.000000000,0.000000000,14400.000000000,0.000000000,3.000000000
340,2013-03-06 19:51:33.171+00,91,575,t,-40,60,0,0,15.000000000,-15.000000000,0.000000000,21600.000000000,0.000000000,4.000000000
341,2013-03-06 19:51:33.172+00,91,581,t,0,100,0,0,50.000000000,-50.000000000,0.000000000,21600.000000000,0.000000000,10.000000000
342,2013-03-06 19:51:33.172+00,91,576,t,-40,60,0,0,30.000000000,-30.000000000,0.000000000,259200.000000000,0.000000000,3.000000000
343,2013-03-06 19:51:33.172+00,91,577,t,-50,80,0,0,30.000000000,-30.000000000,0.000000000,259200.000000000,0.000000000,3.000000000
344,2013-03-06 19:51:33.173+00,92,5733,t,-50,80,0,0,11.000000000,-14.000000000,0.000000000,14400.000000000,0.000000000,3.000000000
345,2013-03-06 19:51:33.173+00,92,575,t,-40,60,0,0,15.000000000,-15.000000000,0.000000000,21600.000000000,0.000000000,4.000000000
346,2013-03-06 19:51:33.173+00,92,581,t,0,100,0,0,50.000000000,-50.000000000,0.000000000,21600.000000000,0.000000000,10.000000000
347,2013-03-06 19:51:33.174+00,92,576,t,-50,80,0,0,30.000000000,-30.000000000,0.000000000,259200.000000000,0.000000000,3.000000000
348,2013-03-06 19:51:33.174+00,92,577,t,-50,80,0,0,30.000000000,-30.000000000,0.000000000,259200.000000000,0.000000000,3.000000000
349,2013-03-06 19:51:33.174+00,89,56105,t,0,360,0,0,360.000000000,-360.000000000,0.000000000,21600.000000000,0.000000000,20.000000000
350,2013-03-06 19:51:33.174+00,90,56104,t,0,60,0,0,30.000000000,-30.000000000,0.000000000,21600.000000000,0.000000000,5.000000000
351,2013-03-06 19:51:33.175+00,90,56108,t,0,60,0,0,50.000000000,-50.000000000,0.000000000,21600.000000000,0.000000000,10.000000000
352,2013-03-06 19:51:33.175+00,88,587,t,0,50,0,0,25.400000000,-25.400000000,0.000000000,10800.000000000,0.000000000,0.100000000
353,2013-03-06 19:51:33.175+00,88,5813,t,0,300,0,0,10.000000000,-10.000000000,0.000000000,7200.000000000,0.000000000,0.500000000
354,2013-03-06 19:51:33.176+00,88,5814,t,0,900,0,0,15.000000000,-15.000000000,0.000000000,7200.000000000,0.000000000,0.500000000
355,2013-03-06 19:51:33.176+00,88,5815,t,0,1800,0,0,20.000000000,-20.000000000,0.000000000,7200.000000000,0.000000000,0.500000000
356,2013-03-06 19:51:33.176+00,88,5816,t,0,3600,0,0,25.000000000,-25.000000000,0.000000000,7200.000000000,0.000000000,0.500000000
357,2013-03-06 19:51:33.176+00,88,5817,t,0,7200,0,0,40.000000000,-40.000000000,0.000000000,3600.000000000,0.000000000,0.700000000
358,2013-03-06 19:51:33.177+00,88,5811,t,0,3e+09,0,0,0.000000000,0.000000000,0.000000000,0.000000000,0.000000000,900.000000000
359,2013-03-06 19:51:33.177+00,88,5812,t,0,3e+09,0,0,0.000000000,0.000000000,0.000000000,0.000000000,0.000000000,900.000000000
360,2013-03-06 19:51:33.177+00,88,5101,t,0,50000,0,0,40000.000000000,-40000.000000000,0.000000000,86400.000000000,0.000000000,200.000000000
361,2013-03-06 19:51:33.178+00,88,5102,t,1,12,0,0,0.000000000,0.000000000,0.000000000,0.000000000,0.000000000,0.000000000
362,2013-03-06 19:51:33.178+00,88,586,t,1,3,0,0,0.000000000,0.000000000,0.000000000,0.000000000,0.000000000,0.000000000
363,2013-03-06 19:51:33.178+00,88,589,t,0,2,0,0,0.000000000,0.000000000,0.000000000,0.000000000,0.000000000,0.000000000
364,2013-03-06 19:51:33.179+00,87,51138,t,-52,80,0,0,20.000000000,-35.000000000,0.000000000,32400.000000000,0.000000000,10.000000000
365,2013-03-06 19:51:33.179+00,86,511371,t,1,310,0,0,0.000000000,0.000000000,0.000000000,0.000000000,0.000000000,0.000000000
366,2013-03-06 19:51:33.179+00,86,511310,t,0,2150000,0,0,50.000000000,-50.000000000,0.000000000,0.000000000,0.000000000,0.500000000
367,2013-03-06 19:51:33.179+00,86,511314,t,1,4,0,0,0.000000000,0.000000000,0.000000000,0.000000000,0.000000000,0.000000000
368,2013-03-06 19:51:33.18+00,86,511315,t,1,6,0,0,0.000000000,0.000000000,0.000000000,0.000000000,0.000000000,0.000000000
369,2013-03-06 19:51:33.18+00,19,56107,t,0,60,0,0,30.000000000,-30.000000000,0.000000000,21600.000000000,0.000000000,5.000000000
370,2013-03-06 19:51:33.18+00,33,588,t,0,1000,0,0,50.000000000,-50.000000000,0.000000000,0.000000000,0.000000000,15.000000000
371,2013-03-06 19:51:33.181+00,33,5811,t,0,3e+09,0,0,0.000000000,0.000000000,0.000000000,0.000000000,0.000000000,900.000000000
372,2013-03-06 19:51:33.181+00,33,5812,t,0,3e+09,0,0,0.000000000,0.000000000,0.000000000,0.000000000,0.000000000,900.000000000
373,2013-03-06 19:51:33.181+00,33,5813,t,0,300,0,0,10.000000000,-10.000000000,0.000000000,7200.000000000,0.000000000,0.500000000
374,2013-03-06 19:51:33.182+00,33,5814,t,0,76.1999969,0,0,15.000000000,-15.000000000,0.000000000,7200.000000000,0.000000000,0.500000000
375,2013-03-06 19:51:33.182+00,33,5815,t,0,1800,0,0,20.000000000,-20.000000000,0.000000000,7200.000000000,0.000000000,0.500000000
376,2013-03-06 19:51:33.182+00,33,5816,t,0,3600,0,0,25.000000000,-25.000000000,0.000000000,7200.000000000,0.000000000,0.500000000
377,2013-03-06 19:51:33.182+00,33,5817,t,0,7200,0,0,40.000000000,-40.000000000,0.000000000,3600.000000000,0.000000000,0.700000000
378,2013-03-06 19:51:33.183+00,33,589,t,0,2,0,0,0.000000000,0.000000000,0.000000000,0.000000000,0.000000000,0.000000000
379,2013-03-06 19:51:33.183+00,33,586,t,1,3,0,0,0.000000000,0.000000000,0.000000000,0.000000000,0.000000000,0.000000000
380,2013-03-06 19:51:33.183+00,33,583,t,0,1000,0,0,50.000000000,-50.000000000,0.000000000,0.000000000,0.000000000,15.000000000
381,2013-03-06 19:51:33.184+00,25,511311,t,0,100,0,0,0.000000000,0.000000000,0.000000000,0.000000000,0.000000000,0.000000000
382,2013-03-06 19:51:33.184+00,25,511317,t,0,220,0,0,0.000000000,0.000000000,0.000000000,0.000000000,0.000000000,0.000000000
383,2013-03-06 19:51:33.184+00,25,511314,t,1,4,0,0,0.000000000,0.000000000,0.000000000,0.000000000,0.000000000,0.000000000
384,2013-03-06 19:51:33.185+00,25,511315,t,1,6,0,0,0.000000000,0.000000000,0.000000000,0.000000000,0.000000000,0.000000000
385,2013-03-06 19:51:33.185+00,25,584,t,0,1000,0,0,50.000000000,-50.000000000,0.000000000,0.000000000,0.000000000,15.000000000
386,2013-03-06 19:51:33.185+00,25,585,t,0,1000,0,0,50.000000000,-50.000000000,0.000000000,0.000000000,0.000000000,15.000000000
387,2013-03-06 19:51:33.185+00,25,5810,t,0,50000,0,0,0.000000000,0.000000000,0.000000000,0.000000000,0.000000000,0.000000000
388,2013-03-06 19:51:33.186+00,93,51165,t,-60,80,0,0,5.000000000,-5.000000000,0.000000000,14400.000000000,0.000000000,10.000000000
389,2013-03-06 19:51:33.186+00,92,554,t,600,1100,0,0,10.000000000,-10.000000000,0.000000000,14400.000000000,0.000000000,2.000000000
390,2013-03-06 19:51:33.186+00,88,588,t,0,1000,0,0,50.000000000,-50.000000000,0.000000000,0.000000000,0.000000000,15.000000000
391,2013-03-06 19:51:33.187+00,88,583,t,0,1000,0,0,50.000000000,-50.000000000,0.000000000,0.000000000,0.000000000,15.000000000
392,2013-03-06 19:51:33.187+00,33,5102,t,1,12,0,0,0.000000000,0.000000000,0.000000000,0.000000000,0.000000000,0.000000000
393,2013-03-06 19:51:33.187+00,76,56106,t,0,60,0,0,30.000000000,-30.000000000,0.000000000,21600.000000000,0.000000000,20.000000000
394,2013-03-06 19:51:33.187+00,26,5102,t,1,12,0,0,0.000000000,0.000000000,0.000000000,0.000000000,0.000000000,0.000000000
395,2013-03-06 19:51:33.188+00,26,588,t,0,1000,0,0,50.000000000,-50.000000000,0.000000000,0.000000000,0.000000000,15.000000000
396,2013-03-06 19:51:33.188+00,26,583,t,0,1000,0,0,50.000000000,-50.000000000,0.000000000,0.000000000,0.000000000,15.000000000
397,2013-03-06 19:51:33.188+00,26,5810,t,0,50000,0,0,0.000000000,0.000000000,0.000000000,0.000000000,0.000000000,0.000000000
398,2013-03-06 19:51:33.189+00,86,511311,t,0,100,0,0,0.000000000,0.000000000,0.000000000,0.000000000,0.000000000,0.000000000
399,2013-03-06 19:51:33.189+00,86,511317,t,0,220,0,0,0.000000000,0.000000000,0.000000000,0.000000000,0.000000000,0.000000000
400,2013-03-06 19:51:33.189+00,86,511313,t,-52,80,0,0,20.000000000,-35.000000000,0.000000000,32400.000000000,0.000000000,10.000000000
401,2013-03-06 19:51:33.19+00,86,51139,t,-35,50,0,0,15.000000000,-15.000000000,0.000000000,32400.000000000,0.000000000,5.000000000
402,2013-03-06 19:51:33.19+00,86,584,t,0,1000,0,0,50.000000000,-50.000000000,0.000000000,0.000000000,0.000000000,15.000000000
403,2013-03-06 19:51:33.19+00,86,585,t,0,1000,0,0,50.000000000,-50.000000000,0.000000000,0.000000000,0.000000000,15.000000000
404,2013-03-06 19:51:33.191+00,86,5810,t,0,50000,0,0,0.000000000,0.000000000,0.000000000,0.000000000,0.000000000,0.000000000
405,2013-03-06 19:51:33.191+00,28,56109,t,0,360,0,0,360.000000000,-360.000000000,0.000000000,21600.000000000,0.000000000,20.000000000
406,2013-03-06 19:51:33.191+00,16,586,t,1,3,0,0,0.000000000,0.000000000,0.000000000,0.000000000,0.000000000,0.000000000
407,2013-03-06 19:51:33.191+00,16,5102,t,1,12,0,0,0.000000000,0.000000000,0.000000000,0.000000000,0.000000000,0.000000000
408,2013-03-06 19:51:33.192+00,88,206,t,1,6,0,0,0.000000000,0.000000000,0.000000000,0.000000000,0.000000000,0.000000000
409,2013-03-06 19:51:33.192+00,88,205,t,0,2.53999996,0,0,40.000000000,0.000000000,0.000000000,0.000000000,0.000000000,2.500000000
410,2013-03-06 19:51:33.192+00,95,5733,t,-52,60,0,0,11.000000000,-14.000000000,0.000000000,14400.000000000,0.000000000,3.000000000
411,2013-03-06 19:51:33.193+00,95,581,t,0,100,0,0,50.000000000,-50.000000000,0.000000000,21600.000000000,0.000000000,10.000000000
412,2013-03-06 19:51:33.193+00,95,575,t,-52,60,0,0,15.000000000,-15.000000000,0.000000000,21600.000000000,0.000000000,4.000000000
413,2013-03-06 19:51:33.193+00,95,56104,t,0,60,0,0,30.000000000,-30.000000000,0.000000000,21600.000000000,0.000000000,5.000000000
414,2013-03-06 19:51:33.194+00,95,56105,t,0,360,0,0,360.000000000,-360.000000000,0.000000000,21600.000000000,0.000000000,20.000000000
415,2013-03-06 19:51:33.194+00,95,554,t,600,1100,0,0,10.000000000,-10.000000000,0.000000000,14400.000000000,0.000000000,2.000000000
416,2013-03-06 19:51:33.194+00,95,574,t,-52,60,0,0,10.000000000,-10.000000000,0.000000000,14400.000000000,0.000000000,3.000000000
417,2013-03-06 19:51:33.194+00,95,576,t,-52,60,0,0,30.000000000,-30.000000000,0.000000000,259200.000000000,0.000000000,3.000000000
418,2013-03-06 19:51:33.195+00,95,577,t,-52,60,0,0,30.000000000,-30.000000000,0.000000000,259200.000000000,0.000000000,3.000000000
419,2013-03-06 19:51:33.195+00,6,51139,t,-35,50,0,0,15.000000000,-15.000000000,0.000000000,32400.000000000,0.000000000,5.000000000
420,2013-03-06 19:51:33.195+00,6,511314,t,1,4,0,0,0.000000000,0.000000000,0.000000000,0.000000000,0.000000000,0.000000000
421,2013-03-06 19:51:33.196+00,6,511315,t,1,6,0,0,0.000000000,0.000000000,0.000000000,0.000000000,0.000000000,0.000000000
422,2013-03-06 19:51:33.196+00,19,56106,t,0,60,0,0,30.000000000,-30.000000000,0.000000000,21600.000000000,0.000000000,20.000000000
423,2013-03-06 19:51:33.196+00,16,589,t,0,2,0,0,0.000000000,0.000000000,0.000000000,0.000000000,0.000000000,0.000000000
424,2013-03-06 19:51:33.196+00,21,574,t,-52,60,0,0,10.000000000,-10.000000000,0.000000000,14400.000000000,0.000000000,3.000000000
425,2013-03-06 19:51:33.197+00,31,586,t,1,3,0,0,0.000000000,0.000000000,0.000000000,0.000000000,0.000000000,0.000000000
426,2013-03-06 19:51:33.197+00,31,589,t,0,2,0,0,0.000000000,0.000000000,0.000000000,0.000000000,0.000000000,0.000000000
427,2013-03-06 19:51:33.197+00,34,574,t,-52,60,0,0,10.000000000,-10.000000000,0.000000000,14400.000000000,0.000000000,3.000000000
428,2013-03-06 19:51:33.198+00,34,576,t,-52,60,0,0,30.000000000,-30.000000000,0.000000000,259200.000000000,0.000000000,3.000000000
429,2013-03-06 19:51:33.198+00,34,577,t,-50,80,0,0,30.000000000,-30.000000000,0.000000000,259200.000000000,0.000000000,3.000000000
430,2013-03-06 19:51:33.198+00,57,586,t,1,3,0,0,0.000000000,0.000000000,0.000000000,0.000000000,0.000000000,0.000000000
431,2013-03-06 19:51:33.199+00,57,589,t,0,2,0,0,0.000000000,0.000000000,0.000000000,0.000000000,0.000000000,0.000000000
432,2013-03-06 19:51:33.199+00,102,5101,t,0,30000,0,0,40000.000000000,-40000.000000000,0.000000000,86400.000000000,0.000000000,200.000000000
433,2013-03-06 19:51:33.199+00,96,554,t,600,1100,0,0,10.000000000,-10.000000000,0.000000000,14400.000000000,0.000000000,2.000000000
434,2013-03-06 19:51:33.2+00,97,5733,t,-55,125,0,0,11.000000000,-14.000000000,0.000000000,14400.000000000,0.000000000,3.000000000
435,2013-03-06 19:51:33.2+00,98,56106,t,0,125,0,0,30.000000000,-30.000000000,0.000000000,21600.000000000,0.000000000,20.000000000
436,2013-03-06 19:51:33.2+00,98,56107,t,0,360,0,0,360.000000000,-36.000000000,0.000000000,21600.000000000,0.000000000,2.000000000
437,2013-03-06 19:51:33.2+00,99,581,t,0,100,0,0,50.000000000,-50.000000000,0.000000000,21600.000000000,0.000000000,10.000000000
438,2013-03-06 19:51:33.201+00,100,5817,t,0,7200,0,0,40.000000000,-40.000000000,0.000000000,3600.000000000,0.000000000,0.700000000
439,2013-03-06 19:51:33.201+00,101,595,t,0,2000,0,0,800.000000000,-800.000000000,0.000000000,72000.000000000,0.000000000,200.000000000
440,2013-03-06 19:51:33.201+00,103,206,t,1,6,0,0,0.000000000,0.000000000,0.000000000,0.000000000,0.000000000,0.000000000
441,2013-03-06 19:51:33.202+00,103,207,t,1,15,0,0,0.000000000,0.000000000,0.000000000,0.000000000,0.000000000,0.000000000
442,2013-03-06 19:51:33.202+00,103,587,t,0,300,0,0,25.400000000,-25.400000000,0.000000000,10800.000000000,0.000000000,0.100000000
443,2013-03-06 19:51:33.202+00,103,5817,t,0,7200,0,0,40.000000000,-40.000000000,0.000000000,3600.000000000,0.000000000,0.700000000
444,2013-03-06 19:51:33.203+00,104,5812,t,0,3e+09,0,0,0.000000000,0.000000000,0.000000000,0.000000000,0.000000000,900.000000000
445,2013-03-06 19:51:33.203+00,104,5817,t,0,8300,0,0,40.000000000,-40.000000000,0.000000000,3600.000000000,0.000000000,0.700000000
446,2013-03-06 19:51:33.203+00,95,5817,t,0,8300,0,0,40.000000000,-40.000000000,0.000000000,3600.000000000,0.000000000,0.700000000
447,2013-03-06 19:51:33.204+00,105,56104,t,0,60,0,0,30.000000000,-30.000000000,0.000000000,21600.000000000,0.000000000,5.000000000
448,2013-03-06 19:51:33.204+00,105,56108,t,0,60,0,0,30.000000000,-30.000000000,0.000000000,21600.000000000,0.000000000,5.000000000
449,2013-03-06 19:51:33.204+00,105,56105,t,0,360,0,0,360.000000000,-360.000000000,0.000000000,21600.000000000,0.000000000,20.000000000
450,2013-03-06 19:51:33.204+00,105,56109,t,0,360,0,0,360.000000000,-360.000000000,0.000000000,21600.000000000,0.000000000,20.000000000
451,2013-03-06 19:51:33.205+00,111,5817,t,0,8300,0,0,40.000000000,-40.000000000,0.000000000,3600.000000000,0.000000000,0.700000000
452,2013-03-06 19:51:33.205+00,112,56104,t,0,60,0,0,30.000000000,-30.000000000,0.000000000,21600.000000000,0.000000000,5.000000000
453,2013-03-06 19:51:33.205+00,112,56108,t,0,60,0,0,30.000000000,-30.000000000,0.000000000,21600.000000000,0.000000000,5.000000000
454,2013-03-06 19:51:33.206+00,112,56105,t,0,360,0,0,360.000000000,-360.000000000,0.000000000,21600.000000000,0.000000000,20.000000000
455,2013-03-06 19:51:33.206+00,112,56109,t,0,360,0,0,360.000000000,-360.000000000,0.000000000,21600.000000000,0.000000000,20.000000000
456,2013-03-06 19:51:33.206+00,29,56109,t,0,360,0,0,360.000000000,-360.000000000,0.000000000,21600.000000000,0.000000000,20.000000000
457,2013-03-06 19:51:33.207+00,95,56106,t,0,60,0,0,30.000000000,-30.000000000,0.000000000,21600.000000000,0.000000000,5.000000000
458,2013-03-06 19:51:33.207+00,95,56107,t,0,360,0,0,360.000000000,-360.000000000,0.000000000,21600.000000000,0.000000000,20.000000000
459,2013-03-06 19:51:33.207+00,95,56108,t,0,60,0,0,30.000000000,-30.000000000,0.000000000,21600.000000000,0.000000000,5.000000000
460,2013-03-06 19:51:33.208+00,113,5733,t,-50,50,0,0.100000001,11.000000000,-14.000000000,0.000000000,14400.000000000,0.000000000,3.000000000
461,2013-03-06 19:51:33.208+00,113,581,t,0,100,0,2,50.000000000,-50.000000000,0.000000000,21600.000000000,0.000000000,10.000000000
462,2013-03-06 19:51:33.208+00,113,575,t,-50,50,0,0,15.000000000,-15.000000000,0.000000000,21600.000000000,0.000000000,4.000000000
463,2013-03-06 19:51:33.208+00,79,206,t,1,6,0,0,0.000000000,0.000000000,0.000000000,0.000000000,0.000000000,0.000000000
464,2013-03-06 19:51:33.209+00,79,207,t,1,15,0,0,0.000000000,0.000000000,0.000000000,0.000000000,0.000000000,0.000000000
465,2013-03-06 19:51:33.209+00,79,5817,t,0,8300,0,0,40.000000000,-40.000000000,0.000000000,3600.000000000,0.000000000,0.700000000
466,2013-03-06 19:51:33.209+00,114,56104,t,0,60,0,0,30.000000000,-30.000000000,0.000000000,21600.000000000,0.000000000,5.000000000
467,2013-03-06 19:51:33.21+00,114,56105,t,0,360,0,0,360.000000000,-360.000000000,0.000000000,21600.000000000,0.000000000,20.000000000
468,2013-03-06 19:51:33.21+00,114,206,t,0,6,0,0,0.000000000,0.000000000,0.000000000,0.000000000,0.000000000,0.000000000
469,2013-03-06 19:51:33.21+00,114,5733,t,-52,60,0,0,11.000000000,-14.000000000,0.000000000,14400.000000000,0.000000000,3.000000000
470,2013-03-06 19:51:33.211+00,114,554,t,900,1100,0,0,10.000000000,-10.000000000,0.000000000,14400.000000000,0.000000000,2.000000000
471,2013-03-06 19:51:33.211+00,114,581,t,0,100,0,0,50.000000000,-50.000000000,0.000000000,21600.000000000,0.000000000,10.000000000
472,2013-03-06 19:51:33.211+00,115,5733,t,-60,80,0,0,11.000000000,-14.000000000,0.000000000,14400.000000000,0.000000000,3.000000000
473,2013-03-06 19:51:33.212+00,116,51138,t,-80,80,0,0,20.000000000,-35.000000000,0.000000000,32400.000000000,0.000000000,10.000000000
474,2013-03-06 19:51:33.212+00,118,5733,t,-40,85,0,0,11.000000000,-14.000000000,0.000000000,14400.000000000,0.000000000,3.000000000
475,2013-03-06 19:51:33.212+00,118,581,t,0,100,0,0,50.000000000,-50.000000000,0.000000000,21600.000000000,0.000000000,10.000000000
476,2013-03-06 19:51:33.213+00,117,51138,t,-40,60,0,0,20.000000000,-35.000000000,0.000000000,32400.000000000,0.000000000,10.000000000
477,2013-03-06 19:51:33.213+00,119,51138,t,-40,60,0,0,20.000000000,-35.000000000,0.000000000,32400.000000000,0.000000000,10.000000000
478,2013-03-06 19:51:33.213+00,119,51165,t,-40,60,0,0,5.000000000,-5.000000000,0.000000000,14400.000000000,0.000000000,10.000000000
479,2013-03-06 19:51:33.214+00,120,56104,t,0,60,0,0,30.000000000,-30.000000000,0.000000000,21600.000000000,0.000000000,5.000000000
480,2013-03-06 19:51:33.214+00,120,56105,t,0,359,0,0,360.000000000,-360.000000000,0.000000000,21600.000000000,0.000000000,20.000000000
481,2013-03-06 19:51:33.214+00,121,595,t,0,2000,0,0,800.000000000,-800.000000000,0.000000000,72000.000000000,0.000000000,200.000000000
482,2013-03-06 19:51:33.214+00,122,554,t,500,1100,0,0,10.000000000,-10.000000000,0.000000000,14400.000000000,0.000000000,2.000000000
483,2013-03-06 19:51:33.215+00,123,5733,t,-40,65,0,0,11.000000000,-14.000000000,0.000000000,14400.000000000,0.000000000,3.000000000
484,2013-03-06 19:51:33.215+00,123,575,t,-76,54,0,0,15.000000000,-15.000000000,0.000000000,21600.000000000,0.000000000,4.000000000
485,2013-03-06 19:51:33.215+00,123,581,t,0,100,0,0,50.000000000,-50.000000000,0.000000000,21600.000000000,0.000000000,10.000000000
486,2013-03-06 19:51:33.216+00,124,56104,t,0,67,0,0,30.000000000,-30.000000000,0.000000000,21600.000000000,0.000000000,5.000000000
487,2013-03-06 19:51:33.216+00,124,56105,t,0,360,0,0,360.000000000,-360.000000000,0.000000000,21600.000000000,0.000000000,20.000000000
488,2013-03-06 19:51:33.216+00,125,554,t,540,1100,0,0,10.000000000,-10.000000000,0.000000000,14400.000000000,0.000000000,2.000000000
489,2013-03-06 19:51:33.217+00,126,587,t,0,243.800003,0,0,25.400000000,-25.400000000,0.000000000,10800.000000000,0.000000000,0.100000000
490,2013-03-06 19:51:33.217+00,126,5817,t,0,9999,0,0,40.000000000,-40.000000000,0.000000000,3600.000000000,0.000000000,0.700000000
493,2013-03-06 19:51:33.217+00,128,574,t,-80,60,0,0,10.000000000,-10.000000000,0.000000000,14400.000000000,0.000000000,3.000000000
492,2013-03-06 19:51:33.217+00,128,581,t,0,100,0,0,50.000000000,-50.000000000,0.000000000,21600.000000000,0.000000000,10.000000000
491,2013-03-06 19:51:33.218+00,128,5733,t,-80,60,0,0,11.000000000,-14.000000000,0.000000000,14400.000000000,0.000000000,3.000000000
494,2013-03-06 19:51:33.219+00,128,575,t,-80,60,0,0,15.000000000,-15.000000000,0.000000000,21600.000000000,0.000000000,4.000000000
495,2013-03-06 19:51:33.219+00,128,576,t,-80,60,0,0,30.000000000,-30.000000000,0.000000000,259200.000000000,0.000000000,3.000000000
496,2013-03-06 19:51:33.219+00,128,577,t,-80,60,0,0,30.000000000,-30.000000000,0.000000000,259200.000000000,0.000000000,3.000000000
497,2013-03-06 19:51:33.22+00,86,5121,t,0,100,0,0,0.000000000,0.000000000,0.000000000,0.000000000,0.000000000,0.000000000
498,2013-03-06 19:51:33.22+00,141,5733,t,-40,71,0,0,11.000000000,-14.000000000,0.000000000,14400.000000000,0.000000000,3.000000000
499,2013-03-06 19:51:33.22+00,141,581,t,0,100,0,0,50.000000000,-50.000000000,0.000000000,21600.000000000,0.000000000,10.000000000
500,2013-03-06 19:51:33.221+00,141,575,t,-40,65,0,0,15.000000000,-15.000000000,0.000000000,21600.000000000,0.000000000,4.000000000
501,2013-03-06 19:51:33.221+00,141,51138,t,-40,71,0,0,20.000000000,-35.000000000,0.000000000,32400.000000000,0.000000000,10.000000000
502,2013-03-06 19:51:33.221+00,142,5733,t,-40,71,0,0,11.000000000,-14.000000000,0.000000000,14400.000000000,0.000000000,3.000000000
503,2013-03-06 19:51:33.222+00,142,51138,t,-40,71,0,0,20.000000000,-35.000000000,0.000000000,32400.000000000,0.000000000,10.000000000
506,2013-03-06 19:51:33.222+00,145,5733,t,-40,80,0,0,11.000000000,-14.000000000,0.000000000,14400.000000000,0.000000000,3.000000000
507,2013-03-06 19:51:33.223+00,145,554,t,500,1100,0,0,10.000000000,-10.000000000,0.000000000,14400.000000000,0.000000000,2.000000000
508,2013-03-06 19:51:33.223+00,146,5733,t,-20,86,0,0,11.000000000,-14.000000000,0.000000000,14400.000000000,0.000000000,3.000000000
509,2013-03-06 19:51:33.223+00,146,581,t,0,100,0,0,50.000000000,-50.000000000,0.000000000,21600.000000000,0.000000000,10.000000000
510,2013-03-06 19:51:33.224+00,146,554,t,500,1100,0,0,10.000000000,-10.000000000,0.000000000,14400.000000000,0.000000000,2.000000000
511,2013-03-06 19:51:33.224+00,147,5733,t,-20,86,0,0,11.000000000,-14.000000000,0.000000000,14400.000000000,0.000000000,3.000000000
512,2013-03-06 19:51:33.224+00,147,581,t,0,100,0,0,50.000000000,-50.000000000,0.000000000,21600.000000000,0.000000000,10.000000000
513,2013-03-06 19:51:33.225+00,147,554,t,500,1100,0,0,10.000000000,-10.000000000,0.000000000,14400.000000000,0.000000000,2.000000000
514,2013-03-06 19:51:33.225+00,148,5733,t,-40,86,0,0,11.000000000,-14.000000000,0.000000000,14400.000000000,0.000000000,3.000000000
515,2013-03-06 19:51:33.225+00,148,51138,t,-40,214,0,0,20.000000000,-35.000000000,0.000000000,32400.000000000,0.000000000,10.000000000
516,2013-03-06 19:51:33.225+00,28,561010,t,0,15,0,0,0.000000000,0.000000000,0.000000000,0.000000000,0.000000000,0.000000000
517,2013-03-06 20:20:34.229+00,15,51165,t,-40,75,0,0,5.000000000,-5.000000000,0.000000000,14400.000000000,0.000000000,10.000000000
2333,2013-03-06 20:20:34.231+00,129,207,t,1,15,0,0,0.000000000,0.000000000,0.000000000,0.000000000,0.000000000,0.000000000
2335,2013-03-06 20:20:34.231+00,129,554,t,300,1200,0,0,10.000000000,-10.000000000,0.000000000,14400.000000000,0.000000000,2.000000000
2339,2013-03-06 20:20:34.232+00,129,575,t,-50,60,0,0,15.000000000,-15.000000000,0.000000000,21600.000000000,0.000000000,4.000000000
2331,2013-03-06 20:20:34.233+00,129,206,t,1,6,0,0,0.000000000,0.000000000,0.000000000,0.000000000,0.000000000,0.000000000
2344,2013-03-06 20:20:34.234+00,129,581,t,0,100,0,0,50.000000000,-50.000000000,0.000000000,21600.000000000,0.000000000,10.000000000
2350,2013-03-06 20:20:34.235+00,129,5733,t,-50,60,0,0,11.000000000,-14.000000000,0.000000000,14400.000000000,0.000000000,3.000000000
2359,2013-03-06 20:20:34.236+00,129,56104,t,0,60,0,0,30.000000000,-30.000000000,0.000000000,21600.000000000,0.000000000,5.000000000
2362,2013-03-06 20:20:34.236+00,129,56105,t,0,359.899994,0,0,360.000000000,-360.000000000,0.000000000,21600.000000000,0.000000000,20.000000000
2336,2013-03-06 20:20:34.237+00,130,554,t,300,1200,0,0,10.000000000,-10.000000000,0.000000000,14400.000000000,0.000000000,2.000000000
2340,2013-03-06 20:20:34.237+00,130,575,t,-50,60,0,0,15.000000000,-15.000000000,0.000000000,21600.000000000,0.000000000,4.000000000
2337,2013-03-06 20:20:34.238+00,131,554,t,300,1200,0,0,10.000000000,-10.000000000,0.000000000,14400.000000000,0.000000000,2.000000000
2338,2013-03-06 20:20:34.239+00,132,554,t,300,1200,0,0,10.000000000,-10.000000000,0.000000000,14400.000000000,0.000000000,2.000000000
2341,2013-03-06 20:20:34.239+00,131,575,t,-50,60,0,0,15.000000000,-15.000000000,0.000000000,21600.000000000,0.000000000,4.000000000
2342,2013-03-06 20:20:34.24+00,132,575,t,-50,60,0,0,15.000000000,-15.000000000,0.000000000,21600.000000000,0.000000000,4.000000000
2343,2013-03-06 20:20:34.241+00,138,575,t,-50,150,0,0,15.000000000,-15.000000000,0.000000000,21600.000000000,0.000000000,4.000000000
2345,2013-03-06 20:20:34.241+00,130,581,t,0,100,0,0,50.000000000,-50.000000000,0.000000000,21600.000000000,0.000000000,10.000000000
2346,2013-03-06 20:20:34.242+00,131,581,t,0,100,0,0,50.000000000,-50.000000000,0.000000000,21600.000000000,0.000000000,10.000000000
2347,2013-03-06 20:20:34.242+00,132,581,t,0,100,0,0,50.000000000,-50.000000000,0.000000000,21600.000000000,0.000000000,10.000000000
2348,2013-03-06 20:20:34.243+00,138,581,t,0,100,0,0,50.000000000,-50.000000000,0.000000000,21600.000000000,0.000000000,10.000000000
2351,2013-03-06 20:20:34.244+00,130,5733,t,-50,60,0,0,11.000000000,-14.000000000,0.000000000,14400.000000000,0.000000000,3.000000000
2352,2013-03-06 20:20:34.244+00,131,5733,t,-50,60,0,0,11.000000000,-14.000000000,0.000000000,14400.000000000,0.000000000,3.000000000
2353,2013-03-06 20:20:34.244+00,132,5733,t,-50,60,0,0,11.000000000,-14.000000000,0.000000000,14400.000000000,0.000000000,3.000000000
2360,2013-03-06 20:20:34.245+00,130,56104,t,0,60,0,0,30.000000000,-30.000000000,0.000000000,21600.000000000,0.000000000,5.000000000
2363,2013-03-06 20:20:34.245+00,130,56105,t,0,359.899994,0,0,360.000000000,-360.000000000,0.000000000,21600.000000000,0.000000000,20.000000000
2364,2013-03-06 20:20:34.246+00,133,56105,t,0,359.899994,0,0,360.000000000,-360.000000000,0.000000000,21600.000000000,0.000000000,20.000000000
2334,2013-03-06 20:20:34.246+00,131,207,t,1,15,0,0,0.000000000,0.000000000,0.000000000,0.000000000,0.000000000,0.000000000
2330,2013-03-06 20:20:34.246+00,134,204,t,0,1,0,0,100.000000000,-100.000000000,0.000000000,0.000000000,0.000000000,25.000000000
2355,2013-03-06 20:20:34.247+00,134,51137,t,1,15,0,0,0.000000000,0.000000000,0.000000000,0.000000000,0.000000000,0.000000000
2356,2013-03-06 20:20:34.247+00,134,51138,t,-40,70,0,0,20.000000000,-35.000000000,0.000000000,32400.000000000,0.000000000,10.000000000
2357,2013-03-06 20:20:34.247+00,134,51165,t,-40,70,0,0,5.000000000,-5.000000000,0.000000000,14400.000000000,0.000000000,10.000000000
2365,2013-03-06 20:20:34.248+00,134,511310,t,0,10,0,0,50.000000000,-50.000000000,0.000000000,0.000000000,0.000000000,0.000000000
2367,2013-03-06 20:20:34.248+00,134,511313,t,-40,70,0,0,20.000000000,-35.000000000,0.000000000,32400.000000000,0.000000000,10.000000000
2366,2013-03-06 20:20:34.249+00,135,511313,t,-20,0,0,0,20.000000000,-35.000000000,0.000000000,32400.000000000,0.000000000,10.000000000
2349,2013-03-06 20:20:34.249+00,136,5101,t,10,2000,0,0,40000.000000000,-40000.000000000,0.000000000,86400.000000000,0.000000000,200.000000000
2354,2013-03-06 20:20:34.249+00,138,5733,t,-50,150,0,0,11.000000000,-14.000000000,0.000000000,14400.000000000,0.000000000,3.000000000
2361,2013-03-06 20:20:34.25+00,133,56104,t,0,60,0,0,30.000000000,-30.000000000,0.000000000,21600.000000000,0.000000000,5.000000000
2370,2013-03-06 20:20:34.25+00,137,5733,t,-50,150,0,0,11.000000000,-14.000000000,0.000000000,14400.000000000,0.000000000,3.000000000
2371,2013-03-06 20:20:34.251+00,139,5733,t,-50,150,0,0,11.000000000,-14.000000000,0.000000000,14400.000000000,0.000000000,3.000000000
2372,2013-03-06 20:20:34.251+00,139,575,t,-50,150,0,0,15.000000000,-15.000000000,0.000000000,21600.000000000,0.000000000,4.000000000
2373,2013-03-06 20:20:34.251+00,139,581,t,0,100,0,0,50.000000000,-50.000000000,0.000000000,21600.000000000,0.000000000,10.000000000
2374,2013-03-06 20:20:34.252+00,149,554,t,600,1060,0,0,10.000000000,-10.000000000,0.000000000,14400.000000000,0.000000000,2.000000000
2375,2013-12-18 00:00:00+00,150,204,t,,,,,,,,,,
2376,2013-12-18 00:00:00+00,151,205,t,,,,,,,,,,
2377,2013-12-18 00:00:00+00,152,206,t,,,,,,,,,,
2379,2013-12-18 00:00:00+00,154,541,t,,,,,,,,,,
2380,2013-12-18 00:00:00+00,155,542,t,,,,,,,,,,
2381,2013-12-18 00:00:00+00,156,543,t,,,,,,,,,,
2382,2013-12-18 00:00:00+00,157,544,t,,,,,,,,,,
2383,2013-12-18 00:00:00+00,158,545,t,,,,,,,,,,
2384,2013-12-18 00:00:00+00,159,551,t,,,,,,,,,,
2385,2013-12-18 00:00:00+00,160,554,t,,,,,,,,,,
2386,2013-12-18 00:00:00+00,161,574,t,,,,,,,,,,
2387,2013-12-18 00:00:00+00,162,575,t,,,,,,,,,,
2388,2013-12-18 00:00:00+00,163,576,t,,,,,,,,,,
2389,2013-12-18 00:00:00+00,164,577,t,,,,,,,,,,
2390,2013-12-18 00:00:00+00,165,581,t,,,,,,,,,,
2391,2013-12-18 00:00:00+00,166,583,t,,,,,,,,,,
2392,2013-12-18 00:00:00+00,167,584,t,,,,,,,,,,
2393,2013-12-18 00:00:00+00,168,585,t,,,,,,,,,,
2394,2013-12-18 00:00:00+00,169,586,t,,,,,,,,,,
2395,2013-12-18 00:00:00+00,170,587,t,,,,,,,,,,
2396,2013-12-18 00:00:00+00,171,588,t,,,,,,,,,,
2397,2013-12-18 00:00:00+00,172,589,t,,,,,,,,,,
2398,2013-12-18 00:00:00+00,173,592,t,,,,,,,,,,
2399,2013-12-18 00:00:00+00,174,593,t,,,,,,,,,,
2400,2013-12-18 00:00:00+00,175,595,t,,,,,,,,,,
2401,2013-12-18 00:00:00+00,176,596,t,,,,,,,,,,
2402,2013-12-18 00:00:00+00,177,597,t,,,,,,,,,,
2403,2013-12-18 00:00:00+00,178,5101,t,,,,,,,,,,
2404,2013-12-18 00:00:00+00,179,5102,t,,,,,,,,,,
2405,2013-12-18 00:00:00+00,180,5121,t,,,,,,,,,,
2406,2013-12-18 00:00:00+00,181,5122,t,,,,,,,,,,
2407,2013-12-18 00:00:00+00,182,5123,t,,,,,,,,,,
2408,2013-12-18 00:00:00+00,183,5134,t,,,,,,,,,,
2409,2013-12-18 00:00:00+00,184,5135,t,,,,,,,,,,
2410,2013-12-18 00:00:00+00,185,5141,t,,,,,,,,,,
2411,2013-12-18 00:00:00+00,186,5142,t,,,,,,,,,,
2412,2013-12-18 00:00:00+00,187,5143,t,,,,,,,,,,
2413,2013-12-18 00:00:00+00,188,5144,t,,,,,,,,,,
2414,2013-12-18 00:00:00+00,189,5145,t,,,,,,,,,,
2415,2013-12-18 00:00:00+00,190,5146,t,,,,,,,,,,
2416,2013-12-18 00:00:00+00,191,5733,t,,,,,,,,,,
2417,2013-12-18 00:00:00+00,192,5810,t,,,,,,,,,,
2418,2013-12-18 00:00:00+00,193,5811,t,,,,,,,,,,
2419,2013-12-18 00:00:00+00,194,5812,t,,,,,,,,,,
2420,2013-12-18 00:00:00+00,195,5813,t,,,,,,,,,,
2421,2013-12-18 00:00:00+00,196,5814,t,,,,,,,,,,
2422,2013-12-18 00:00:00+00,197,5815,t,,,,,,,,,,
2423,2013-12-18 00:00:00+00,198,5816,t,,,,,,,,,,
2424,2013-12-18 00:00:00+00,199,5817,t,,,,,,,,,,
2425,2013-12-18 00:00:00+00,200,51137,t,,,,,,,,,,
2426,2013-12-18 00:00:00+00,201,51138,t,,,,,,,,,,
2427,2013-12-18 00:00:00+00,202,51139,t,,,,,,,,,,
2428,2013-12-18 00:00:00+00,203,51165,t,,,,,,,,,,
2429,2013-12-18 00:00:00+00,204,51166,t,,,,,,,,,,
2430,2013-12-18 00:00:00+00,205,51167,t,,,,,,,,,,
2431,2013-12-18 00:00:00+00,206,51332,t,,,,,,,,,,
2432,2013-12-18 00:00:00+00,207,51333,t,,,,,,,,,,
2433,2013-12-18 00:00:00+00,208,51334,t,,,,,,,,,,
2434,2013-12-18 00:00:00+00,209,56104,t,,,,,,,,,,
2435,2013-12-18 00:00:00+00,210,56105,t,,,,,,,,,,
2436,2013-12-18 00:00:00+00,211,56106,t,,,,,,,,,,
2437,2013-12-18 00:00:00+00,212,56107,t,,,,,,,,,,
2438,2013-12-18 00:00:00+00,213,56108,t,,,,,,,,,,
2439,2013-12-18 00:00:00+00,214,56109,t,,,,,,,,,,
2440,2013-12-18 00:00:00+00,215,58212,t,,,,,,,,,,
2441,2013-12-18 00:00:00+00,216,511310,t,,,,,,,,,,
2442,2013-12-18 00:00:00+00,217,511311,t,,,,,,,,,,
2443,2013-12-18 00:00:00+00,218,511313,t,,,,,,,,,,
2444,2013-12-18 00:00:00+00,219,511314,t,,,,,,,,,,
2445,2013-12-18 00:00:00+00,220,511315,t,,,,,,,,,,
2446,2013-12-18 00:00:00+00,221,511316,t,,,,,,,,,,
2447,2013-12-18 00:00:00+00,222,511317,t,,,,,,,,,,
2448,2013-12-18 00:00:00+00,223,511319,t,,,,,,,,,,
2449,2013-12-18 00:00:00+00,224,511371,t,,,,,,,,,,
2450,2013-12-18 00:00:00+00,225,561010,t,,,,,,,,,,
2451,2013-12-18 00:00:00+00,226,2000000,t,,,,,,,,,,
2452,2013-12-18 00:00:00+00,227,2000001,t,,,,,,,,,,
2453,2013-12-18 00:00:00+00,228,2000002,t,,,,,,,,,,
2454,2013-12-18 00:00:00+00,229,2000003,t,,,,,,,,,,
2455,2013-12-18 00:00:00+00,230,2000004,t,,,,,,,,,,
2456,2013-12-18 00:00:00+00,231,2000005,t,,,,,,,,,,
2457,2013-12-18 00:00:00+00,232,2000006,t,,,,,,,,,,
2458,2013-12-18 00:00:00+00,233,2000007,t,,,,,,,,,,
2459,2013-12-18 00:00:00+00,234,2000008,t,,,,,,,,,,
2460,2013-12-18 00:00:00+00,235,2000009,t,,,,,,,,,,
2461,2013-12-18 00:00:00+00,236,2000010,t,,,,,,,,,,
2462,2013-12-18 00:00:00+00,237,2000011,t,,,,,,,,,,
2463,2013-12-18 00:00:00+00,238,2000012,t,,,,,,,,,,
2464,2013-12-18 00:00:00+00,239,2000013,t,,,,,,,,,,
2465,2013-12-18 00:00:00+00,240,2001000,t,,,,,,,,,,
2466,2013-12-18 00:00:00+00,241,2001001,t,,,,,,,,,,
2467,2013-12-18 00:00:00+00,242,2001002,t,,,,,,,,,,
2468,2013-12-18 00:00:00+00,243,2001003,t,,,,,,,,,,
2469,2013-12-18 00:00:00+00,244,2001004,t,,,,,,,,,,
2470,2013-12-18 00:00:00+00,245,2001005,t,,,,,,,,,,
2471,2013-12-18 00:00:00+00,246,2001006,t,,,,,,,,,,
2472,2013-12-18 00:00:00+00,247,2001007,t,,,,,,,,,,
2473,2013-12-18 00:00:00+00,248,2001008,t,,,,,,,,,,
2474,2013-12-18 00:00:00+00,249,2001009,t,,,,,,,,,,
2475,2013-12-18 00:00:00+00,250,2001010,t,,,,,,,,,,
2476,2013-12-18 00:00:00+00,251,2001011,t,,,,,,,,,,
2477,2013-12-18 00:00:00+00,252,2001012,t,,,,,,,,,,
2478,2013-12-18 00:00:00+00,253,2001013,t,,,,,,,,,,
2479,2013-12-18 00:00:00+00,254,2001014,t,,,,,,,,,,
2480,2013-12-18 00:00:00+00,255,2001015,t,,,,,,,,,,
2481,2013-12-18 00:00:00+00,256,2001016,t,,,,,,,,,,
2482,2013-12-18 00:00:00+00,257,2001017,t,,,,,,,,,,
2483,2013-12-18 00:00:00+00,258,2001018,t,,,,,,,,,,
2484,2013-12-18 00:00:00+00,259,2001019,t,,,,,,,,,,
2485,2013-12-18 00:00:00+00,260,2001020,t,,,,,,,,,,
2486,2013-12-18 00:00:00+00,261,2001021,t,,,,,,,,,,
2487,2013-12-18 00:00:00+00,262,2001022,t,,,,,,,,,,
2488,2013-12-18 00:00:00+00,263,2001023,t,,,,,,,,,,
2489,2013-12-18 00:00:00+00,264,2001024,t,,,,,,,,,,
2490,2013-12-18 00:00:00+00,265,2001025,t,,,,,,,,,,
2491,2013-12-18 00:00:00+00,266,2001026,t,,,,,,,,,,
2492,2013-12-18 00:00:00+00,267,2001027,t,,,,,,,,,,
2493,2013-12-18 00:00:00+00,268,2001028,t,,,,,,,,,,
2494,2013-12-18 00:00:00+00,269,2001029,t,,,,,,,,,,
2495,2013-12-18 00:00:00+00,270,2001030,t,,,,,,,,,,
2496,2013-12-18 00:00:00+00,271,2001031,t,,,,,,,,,,
2497,2013-12-18 00:00:00+00,272,2001032,t,,,,,,,,,,
2498,2013-12-18 00:00:00+00,273,2001033,t,,,,,,,,,,
2499,2013-12-18 00:00:00+00,274,2001034,t,,,,,,,,,,
2500,2013-12-18 00:00:00+00,275,2001035,t,,,,,,,,,,
2501,2013-12-18 00:00:00+00,276,2001036,t,,,,,,,,,,
2502,2013-12-18 00:00:00+00,277,2001037,t,,,,,,,,,,
2503,2013-12-18 00:00:00+00,278,2001038,t,,,,,,,,,,
2504,2013-12-18 00:00:00+00,279,2001039,t,,,,,,,,,,
2505,2013-12-18 00:00:00+00,280,2001040,t,,,,,,,,,,
2506,2013-12-18 00:00:00+00,281,2001041,t,,,,,,,,,,
2507,2013-12-18 00:00:00+00,282,2001042,t,,,,,,,,,,
2508,2013-12-18 00:00:00+00,283,2001043,t,,,,,,,,,,
2509,2013-12-18 00:00:00+00,284,2001044,t,,,,,,,,,,
2510,2013-12-18 00:00:00+00,285,2001045,t,,,,,,,,,,
2511,2013-12-18 00:00:00+00,286,2001046,t,,,,,,,,,,
2512,2013-12-18 00:00:00+00,287,2001047,t,,,,,,,,,,
2513,2013-12-18 00:00:00+00,288,2001048,t,,,,,,,,,,
2514,2013-12-18 00:00:00+00,289,2001049,t,,,,,,,,,,
2515,2013-12-18 00:00:00+00,290,2001050,t,,,,,,,,,,
2516,2013-12-18 00:00:00+00,291,2001051,t,,,,,,,,,,
2517,2013-12-18 00:00:00+00,292,2001052,t,,,,,,,,,,
2518,2013-12-18 00:00:00+00,293,2001053,t,,,,,,,,,,
2519,2013-12-18 00:00:00+00,294,2001054,t,,,,,,,,,,
2520,2013-12-18 00:00:00+00,295,2001055,t,,,,,,,,,,
2521,2013-12-18 00:00:00+00,296,2001056,t,,,,,,,,,,
2522,2013-12-18 00:00:00+00,297,2001057,t,,,,,,,,,,
2523,2013-12-18 00:00:00+00,298,2001058,t,,,,,,,,,,
2524,2013-12-18 00:00:00+00,299,2001059,t,,,,,,,,,,
2525,2013-12-18 00:00:00+00,300,2001060,t,,,,,,,,,,
2526,2013-12-18 00:00:00+00,301,2001061,t,,,,,,,,,,
2527,2013-12-18 00:00:00+00,302,2001062,t,,,,,,,,,,
2528,2013-12-18 00:00:00+00,303,2001063,t,,,,,,,,,,
2529,2013-12-18 00:00:00+00,304,2001064,t,,,,,,,,,,
2530,2013-12-18 00:00:00+00,305,2001065,t,,,,,,,,,,
2531,2013-12-18 00:00:00+00,306,2001066,t,,,,,,,,,,
2532,2013-12-18 00:00:00+00,307,2001067,t,,,,,,,,,,
2533,2013-12-18 00:00:00+00,308,2001068,t,,,,,,,,,,
2534,2013-12-18 00:00:00+00,309,2001069,t,,,,,,,,,,
2535,2013-12-18 00:00:00+00,310,2001070,t,,,,,,,,,,
2536,2013-12-18 00:00:00+00,311,2001071,t,,,,,,,,,,
2537,2013-12-18 00:00:00+00,312,2001072,t,,,,,,,,,,
2538,2013-12-18 00:00:00+00,313,2001073,t,,,,,,,,,,
2539,2013-12-18 00:00:00+00,314,2001074,t,,,,,,,,,,
2540,2013-12-18 00:00:00+00,315,2001075,t,,,,,,,,,,
2541,2013-12-18 00:00:00+00,316,2001076,t,,,,,,,,,,
2542,2013-12-18 00:00:00+00,317,2001077,t,,,,,,,,,,
2543,2013-12-18 00:00:00+00,318,2001078,t,,,,,,,,,,
2544,2013-12-18 00:00:00+00,319,2001079,t,,,,,,,,,,
2545,2013-12-18 00:00:00+00,320,2001080,t,,,,,,,,,,
2546,2013-12-18 00:00:00+00,321,2001081,t,,,,,,,,,,
2547,2013-12-18 00:00:00+00,322,2001082,t,,,,,,,,,,
2548,2013-12-18 00:00:00+00,323,2001083,t,,,,,,,,,,
2549,2013-12-18 00:00:00+00,324,2001084,t,,,,,,,,,,
2550,2013-12-18 00:00:00+00,325,2001085,t,,,,,,,,,,
2551,2013-12-18 00:00:00+00,326,2001086,t,,,,,,,,,,
2552,2013-12-18 00:00:00+00,327,2001087,t,,,,,,,,,,
2553,2013-12-18 00:00:00+00,328,2001088,t,,,,,,,,,,
2554,2013-12-18 00:00:00+00,329,2001089,t,,,,,,,,,,
2555,2013-12-18 00:00:00+00,330,2001090,t,,,,,,,,,,
2556,2013-12-18 00:00:00+00,331,2001091,t,,,,,,,,,,
2557,2013-12-18 00:00:00+00,332,2001092,t,,,,,,,,,,
2558,2013-12-18 00:00:00+00,333,2001093,t,,,,,,,,,,
2559,2013-12-18 00:00:00+00,334,2001094,t,,,,,,,,,,
2560,2013-12-18 00:00:00+00,335,2001095,t,,,,,,,,,,
2561,2013-12-18 00:00:00+00,336,2001096,t,,,,,,,,,,
2562,2013-12-18 00:00:00+00,337,2001097,t,,,,,,,,,,
2563,2013-12-18 00:00:00+00,338,2001098,t,,,,,,,,,,
2564,2013-12-18 00:00:00+00,339,2001099,t,,,,,,,,,,
2565,2013-12-18 00:00:00+00,340,2001100,t,,,,,,,,,,
2566,2013-12-18 00:00:00+00,341,2001101,t,,,,,,,,,,
2567,2013-12-18 00:00:00+00,342,2001102,t,,,,,,,,,,
2568,2013-12-18 00:00:00+00,343,2001103,t,,,,,,,,,,
2569,2013-12-18 00:00:00+00,344,2001104,t,,,,,,,,,,
2570,2013-12-18 00:00:00+00,345,2001105,t,,,,,,,,,,
2571,2013-12-18 00:00:00+00,346,2001106,t,,,,,,,,,,
2572,2013-12-18 00:00:00+00,347,2001107,t,,,,,,,,,,
2573,2013-12-18 00:00:00+00,348,2001108,t,,,,,,,,,,
2574,2013-12-18 00:00:00+00,349,2001109,t,,,,,,,,,,
2575,2013-12-18 00:00:00+00,350,2001110,t,,,,,,,,,,
2576,2013-12-18 00:00:00+00,351,2001111,t,,,,,,,,,,
2577,2013-12-18 00:00:00+00,352,2001112,t,,,,,,,,,,
2578,2013-12-18 00:00:00+00,353,2001113,t,,,,,,,,,,
2579,2013-12-18 00:00:00+00,354,2001114,t,,,,,,,,,,
2580,2013-12-18 00:00:00+00,355,2001115,t,,,,,,,,,,
2581,2013-12-18 00:00:00+00,356,2001116,t,,,,,,,,,,
2582,2013-12-18 00:00:00+00,357,2001117,t,,,,,,,,,,
2583,2013-12-18 00:00:00+00,358,2001118,t,,,,,,,,,,
2584,2013-12-18 00:00:00+00,359,2001119,t,,,,,,,,,,
2585,2013-12-18 00:00:00+00,360,2001120,t,,,,,,,,,,
2586,2013-12-18 00:00:00+00,361,2001121,t,,,,,,,,,,
2587,2013-12-18 00:00:00+00,362,2001122,t,,,,,,,,,,
2588,2013-12-18 00:00:00+00,363,2001123,t,,,,,,,,,,
2589,2013-12-18 00:00:00+00,364,2001124,t,,,,,,,,,,
2590,2013-12-18 00:00:00+00,365,2001125,t,,,,,,,,,,
2591,2013-12-18 00:00:00+00,366,2001126,t,,,,,,,,,,
2592,2013-12-18 00:00:00+00,367,2001127,t,,,,,,,,,,
2593,2013-12-18 00:00:00+00,368,2001128,t,,,,,,,,,,
2594,2013-12-18 00:00:00+00,369,2001129,t,,,,,,,,,,
2595,2013-12-18 00:00:00+00,370,2001130,t,,,,,,,,,,
2596,2013-12-18 00:00:00+00,371,2001131,t,,,,,,,,,,
2597,2013-12-18 00:00:00+00,372,2001132,t,,,,,,,,,,
2598,2013-12-18 00:00:00+00,373,2001133,t,,,,,,,,,,
2599,2013-12-18 00:00:00+00,374,2001134,t,,,,,,,,,,
2600,2013-12-18 00:00:00+00,375,2001135,t,,,,,,,,,,
2601,2013-12-18 00:00:00+00,376,2001136,t,,,,,,,,,,
2602,2013-12-18 00:00:00+00,377,2001137,t,,,,,,,,,,
2603,2013-12-18 00:00:00+00,378,2001138,t,,,,,,,,,,
2604,2013-12-18 00:00:00+00,379,2001139,t,,,,,,,,,,
2605,2013-12-18 00:00:00+00,380,2001140,t,,,,,,,,,,
2606,2013-12-18 00:00:00+00,381,2001141,t,,,,,,,,,,
2607,2013-12-18 00:00:00+00,382,2001142,t,,,,,,,,,,
2608,2013-12-18 00:00:00+00,383,2001143,t,,,,,,,,,,
2609,2013-12-18 00:00:00+00,384,2001144,t,,,,,,,,,,
2610,2013-12-18 00:00:00+00,385,2001145,t,,,,,,,,,,
2611,2013-12-18 00:00:00+00,386,2001146,t,,,,,,,,,,
2612,2013-12-18 00:00:00+00,387,2001147,t,,,,,,,,,,
2613,2013-12-18 00:00:00+00,388,2001148,t,,,,,,,,,,
2614,2013-12-18 00:00:00+00,389,2001149,t,,,,,,,,,,
2615,2013-12-18 00:00:00+00,390,2001150,t,,,,,,,,,,
2616,2013-12-18 00:00:00+00,391,2001151,t,,,,,,,,,,
2617,2013-12-18 00:00:00+00,392,2001152,t,,,,,,,,,,
2618,2013-12-18 00:00:00+00,393,2001153,t,,,,,,,,,,
2619,2013-12-18 00:00:00+00,394,2001154,t,,,,,,,,,,
2620,2013-12-18 00:00:00+00,395,2001155,t,,,,,,,,,,
2621,2013-12-18 00:00:00+00,396,2001156,t,,,,,,,,,,
2622,2013-12-18 00:00:00+00,397,2001157,t,,,,,,,,,,
2623,2013-12-18 00:00:00+00,398,2001158,t,,,,,,,,,,
2624,2013-12-18 00:00:00+00,399,2001159,t,,,,,,,,,,
2625,2013-12-18 00:00:00+00,400,2001160,t,,,,,,,,,,
2626,2013-12-18 00:00:00+00,401,2001161,t,,,,,,,,,,
2627,2013-12-18 00:00:00+00,402,2001162,t,,,,,,,,,,
2628,2013-12-18 00:00:00+00,403,2001163,t,,,,,,,,,,
2629,2013-12-18 00:00:00+00,404,2001164,t,,,,,,,,,,
2630,2013-12-18 00:00:00+00,405,2001165,t,,,,,,,,,,
2631,2013-12-18 00:00:00+00,406,2001166,t,,,,,,,,,,
2632,2013-12-18 00:00:00+00,407,2001167,t,,,,,,,,,,
2633,2013-12-18 00:00:00+00,408,2001168,t,,,,,,,,,,
2634,2013-12-18 00:00:00+00,409,2001169,t,,,,,,,,,,
2635,2014-03-17 00:00:00+00,410,5733,t,-40,60,0.100000001,1,11.000000000,-14.000000000,0.000000000,14400.000000000,0.000000000,3.000000000
2636,2014-03-17 00:00:00+00,411,554,t,300,1200,0,0,10.000000000,-10.000000000,0.000000000,14400.000000000,0.000000000,2.000000000
2637,2014-03-17 00:00:00+00,412,2000005,t,0,360,1,1,180.000000000,-180.000000000,1.000000000,3600.000000000,1.000000000,3.000000000
2638,2014-03-17 00:00:00+00,413,2000008,t,0,200,1,1,60.000000000,-60.000000000,2.000000000,3600.000000000,1.000000000,7.000000000
2639,2014-03-17 00:00:00+00,414,2000008,t,0,200,1,1,60.000000000,-60.000000000,2.000000000,3600.000000000,1.000000000,7.000000000
2640,2014-03-17 00:00:00+00,415,2000004,t,0,1,1,1,1.000000000,-1.000000000,0.500000000,3600.000000000,1.000000000,1.000000000
2641,2014-03-17 00:00:00+00,416,2000002,t,0,1,1,1,1.000000000,-1.000000000,0.500000000,3600.000000000,1.000000000,1.000000000
2642,2014-03-17 00:00:00+00,417,2000009,t,0,1,1,1,1.000000000,-1.000000000,0.500000000,3600.000000000,1.000000000,1.000000000
2643,2014-03-17 00:00:00+00,418,2000012,t,0,1,1,1,1.000000000,-1.000000000,0.500000000,3600.000000000,1.000000000,1.000000000
2644,2014-03-17 00:00:00+00,419,2000012,t,0,1,1,1,1.000000000,-1.000000000,0.500000000,3600.000000000,1.000000000,1.000000000
2645,2014-03-17 00:00:00+00,420,51138,t,-40,80,0,0,20.000000000,-35.000000000,0.000000000,32400.000000000,0.000000000,10.000000000
2646,2014-03-17 00:00:00+00,421,575,t,-40,60,0,0,15.000000000,-15.000000000,0.000000000,21600.000000000,0.000000000,4.000000000
2647,2014-03-17 00:00:00+00,422,5733,t,-40,60,0.100000001,1,11.000000000,-14.000000000,0.000000000,14400.000000000,0.000000000,3.000000000
2648,2014-03-17 00:00:00+00,423,581,t,0,100,0,0,50.000000000,-50.000000000,0.000000000,21600.000000000,0.000000000,10.000000000
2649,2014-03-17 00:00:00+00,410,5733,t,,,,,,,,,,
2650,2014-03-17 00:00:00+00,411,554,t,,,,,,,,,,
2651,2014-03-17 00:00:00+00,412,2000005,t,,,,,,,,,,
2652,2014-03-17 00:00:00+00,414,2000008,t,,,,,,,,,,
2653,2014-03-17 00:00:00+00,415,2000004,t,,,,,,,,,,
2654,2014-03-17 00:00:00+00,416,2000002,t,,,,,,,,,,
2655,2014-03-17 00:00:00+00,417,2000009,t,,,,,,,,,,
2656,2014-03-17 00:00:00+00,419,2000012,t,,,,,,,,,,
2657,2014-03-17 00:00:00+00,420,51138,t,,,,,,,,,,
2658,2014-03-17 00:00:00+00,421,575,t,,,,,,,,,,
2659,2014-03-17 00:00:00+00,422,5733,t,,,,,,,,,,
2660,2014-03-17 00:00:00+00,423,581,t,,,,,,,,,,
2661,2014-05-13 00:00:00+00,241,2001170,t,,,,,,,,,,
2662,2014-05-13 00:00:00+00,242,2001171,t,,,,,,,,,,
2663,2014-05-13 00:00:00+00,243,2001172,t,,,,,,,,,,
2664,2014-05-13 00:00:00+00,244,2001173,t,,,,,,,,,,
2665,2014-05-13 00:00:00+00,245,2001174,t,,,,,,,,,,
2666,2014-05-13 00:00:00+00,246,2001175,t,,,,,,,,,,
2667,2014-05-13 00:00:00+00,247,2001176,t,,,,,,,,,,
2668,2014-05-13 00:00:00+00,248,2001177,t,,,,,,,,,,
2669,2014-05-13 00:00:00+00,249,2001178,t,,,,,,,,,,
2670,2014-05-13 00:00:00+00,424,2001179,t,,,,,,,,,,
2671,2014-05-23 00:00:00+00,427,51139,t,-40,70,0.0199999996,0.5,15.000000000,-15.000000000,0.000000000,32400.000000000,0.000000000,5.000000000
2672,2014-05-23 00:00:00+00,428,5733,t,-40,85,0.0625,0.5,11.000000000,-14.000000000,0.000000000,14400.000000000,0.000000000,3.000000000
2673,2014-05-23 00:00:00+00,429,206,t,0,254,0,0,0.000000000,0.000000000,0.000000000,0.000000000,0.000000000,0.000000000
2674,2014-05-23 00:00:00+00,430,581,t,0,100,0.00039999999,0.0199999996,50.000000000,-50.000000000,0.000000000,21600.000000000,0.000000000,10.000000000
2675,2014-05-23 00:00:00+00,431,60000,t,0,128000,2,0,0.000000000,0.000000000,0.000000000,0.000000000,0.000000000,0.000000000
2676,2014-05-23 00:00:00+00,432,554,t,300,1100,0.00999999978,1,10.000000000,-10.000000000,0.000000000,14400.000000000,0.000000000,2.000000000
2677,2014-05-23 00:00:00+00,433,5146,t,1000,25000,1,0,0.000000000,0.000000000,0.000000000,0.000000000,0.000000000,0.000000000
2678,2014-05-23 00:00:00+00,434,543,t,0,130,0,0,0.000000000,0.000000000,0.000000000,0.000000000,0.000000000,0.000000000
