id,stationCode,category,description,type,contribId,siteId,locBaseLat,locBaseLong,locBaseElev,locBaseDatum,powerType
30001,RiverdaleRd,P,Riverdale Road,0,3,30001,41.174778,-112.009081,1389,,

120016,274016,P,SR 1 @ Murderkill River,0,12,120016,39.0149103,-75.4613488,20,,
120017,274017,P,SR 1 @ Trap Shooters Rd,0,12,120017,39.08415,-75.45851,20,,

3223,flying_wye_west,P,Flying Wye,0,16,2749,43.59817,-116.28969,835,,

6028,m0_lebanon,P,I-44 @ MM 125.85 - Lebanon,0,28,5554,37.6473,-92.66824,389,,

5944,nj_rt18_river,P,RT 18 & River Road,0,33,5470,40.51244,-74.45916,5,,

460001,2100.110791,P,IH0035_near_US0183,0,46,460001,30.341959,-97.697584,149,,
460002,36750.11041,P,IH0035_near_RM1431,0,46,460002,30.55872,-97.691461,149,,
