﻿<?xml version="1.0" encoding="UTF-8"?>
<faqs>

	<faqcategory id="WxDE" catname="Weather Data Environment (WxDE)">
		<faq>
			<id>whatis_wxde</id>
			<question>
			What is the Weather Data Environment (WxDE)?
			</question>
			<answer><![CDATA[
				<p>
					The Weather Data Environment is part of <a href="http://www.its.dot.gov/data_capture/data_capture.htm">
					USDOT’s Data Capture and Management Program</a> and associated with the <a href="https://www.its-rde.net/">
					Research Data Exchange</a>. The WxDE is intended to support research, analysis, application
					development, and testing related to weather responsive transportation management by collecting 
					and distributing weather and weather-related transportation data. There is a particular focus
					on meeting the evolving weather data needs of connected vehicle applications.
				</p>
				<P>
					The WxDE currently collects and distributes data from (a) environmental sensor stations (ESS) that
					collect weather data at fixed locations and (b) mobile sensor platforms that collect weather data from
					specially-equipped vehicles as the vehicles operate on roadways. ESS data is available for most U.S. States,
					and mobile platform data is available from three States participating in USDOT Integrated Mobile Observations
					(IMO) projects. Data is distributed via maps that provide access to recent observations, queries that allow a
					user to select and download large batches of data, and subscriptions that allow users to periodically download
					recently obtained data.
				</P>
				<P>
					The WxDE also creates and distributes value-added content related to this data. The WxDE computes quality
					check metrics for all observations from fixed (i.e., ESS) and mobile platforms. The WxDE also applies algorithms
					developed by the National Center for Atmospheric Research (NCAR) for the Vehicle Data Translator (VDT) to compute
					(a) quality check metrics for observations from mobile platforms, (b) estimates for weather-related road
					conditions. Other value-added capabilities are under consideration.
				</P>
				<P>
					The WxDE includes other capabilities, in addition to the collection and distribution of data, related to
					supporting research, analysis, application development, and testing, such as provding access to metadata that
					describes the data available through the WxDE and managing users that access the WxDE and WxDE data.
				</P>
			]]></answer>
			<visible>true</visible>
		</faq>
		<faq>
			<id>whatis_DCMP</id>
			<question>
				What is the USDOT Data Capture and Management Program?
			</question>
			<answer><![CDATA[
				<P>The USDOT Data Capture and Management Program is part of a broader research program on connected vehicle
				technologies. The vision of this broader program is to expedite development and deployment of wireless 
				technologies in vehicles, infrastructure, and mobile devices to improve safety, mobility, and environmental
				impacts of our surface transportation system. One role of the Data Capture and Management Program is to make
				research data accessible to the broad transportation community to facilitate application development and testing.
				The Weather Data Environment is one tool developed to collect and consolidate weather-related transportation 
				research data and make that data available to the transportation community. The <a href="https://www.its-rde.net/">
				Research Data Exchange</a> is similar tool that focuses on non-weather data.</P>
			]]></answer>
			<visible>true</visible>
		</faq>
	</faqcategory>

	<faqcategory id="WxDEData" catname="Weather Data Environment Data">
		<faq>
		<id>wxdedata_included</id>
		<question>
			What type of data is included in the Weather Data Environment?
		</question>
		<answer><![CDATA[
			<P>The Weather Data Environment includes the following types of data:</P>
			<ul>
				<li>Weather observations from fixed Environmental Sensor Stations (i.e., fixed platforms), which is termed <a href="#id=whatis_nonmobiledata">non-mobile data</a>.</li>
				<li>Weather observations from vehicles (i.e., <a href="#id=whatis_mobileplatform">mobile platforms</a>) specially-equipped to collect weather data and
				provide that data in near real-time.</li>
				<li><a href="#id=whatis_qualitymetrics">Quality control metrics</a> computed for weather observations from both fixed and mobile platforms.</li>
				<li><a href="#id=whatis_roadsegmentdata">Road segment data</a>, including statistical averages of weather observations along specific road segments
				and estimates of weather conditions along these road segments.</li>
				<li><a href="#id=whatis_wxdemetadata">Metadata</a> describing the data contained in the Weather Data Environment.</li>
			</ul>
		]]></answer>
		<visible>true</visible>
		</faq>
		<faq>
			<id>wxdedata_limitations</id>
			<question>
				Are there limitations to the use of Weather Data Environment data?
			</question>
			<answer><![CDATA[
				<P>Yes. Some organizations that provide data to the Weather Data Environment may place restrictions on the use of the data they provide and/or disclaimers
				regarding the use of the data they provide. If an organization restricts access to the data they provide, the Weather Data Environment enforces those 
				restrictions (e.g., by only allowing approved users to access the data). Disclaimers and other provider-specific restrictions are listed in the Weather
				Data Environment Data Sources feature.</P>
				<P>The Weather Data Environment itself does not place any restrictions on the data, other than those required by the data providers.</P>
			]]></answer>
			<visible>true</visible>
		</faq>
		<faq>
			<id>wxdedata_access</id>
			<question>
				How do I access Weather Data Environment data?
			</question>
			<answer><![CDATA[
				<P>There are several ways to access Weather Data Environment data. Recent data can be viewed on a <a href="#id=how_viewdatamap">map</a>.
				Users can define <a href="#id=whatis_dataquery">queries</a> that retrieve recent and/or archived data and display the data in a table.
				The data can also be downloaded onto the user’s local computer for analysis. Users can define subscriptions that periodically retrieve recent data and make
				the data available for download.</P>
			]]></answer>
			<visible>true</visible>
		</faq>

		<faq>
			<id>wxdedata_organized</id>
			<question>
				How is Weather Data Environment weather observation data organized?
			</question>
			<answer><![CDATA[
				<P>In the Weather Data Environment (WxDE), the following paradigm is used to organize weather observation data.</P>
				<P>A weather observation is any data point related to weather that applies to a specific geographic location at a specific time. It could be an actual
				observation of some weather condition, such as the air temperature observed at a <a href="#id=whatis_fixedplatform">fixed platform</a> at specific time. It
				could be an observation that is related to weather, such as whether the wipers on a <a href="#id=whatis_mobileplatform">mobile platform</a> were operating
				at a specific time. It could be a statistical value computed from observations,uch as the average temperature observed along a road segment. Or, it could
				be a derived or estimated value, such as an estimate of whether it is precipitating along a road segment based on a mixture of observations from fixed and
				mobile platforms and radar stations. In other words, the term &ldquo;weather observation&rdquo; is used to represent any value stored in the WxDE.</P>
				<P>A weather observation applies to either a specific location or a specific geographic area. An example of a specific location would be weather observations
				obtained from a fixed or mobile platform. An example of weather observation applying to a geographic area would be the minimum and maximum temperature along a
				defined segment of roadway.</P>
				<P>A weather observation also applies to either a specific point in time or to a particular time interval. An example of a weather observation applying to a
				specific point in time is a temperature observation at a fixed platform. An example of a weather observation applying to a particular time interval is the 
				average temperature observed along a road segment computed over all observations that occur along that road segment during a specific period of time.</P>
				<P>This “context” for understanding how to interpret a WxDE weather observation value comes from the metadata associated with each weather observation, as
				described below.</P>
				<ul>
					<li>Each WxDE weather observation is of a specific observation type. Many of the observation types relate directly to weather variables, such as
					essAirTemperature for air temperature and essRelativeHumdity for relative humidity. Other observation types relate to statistical averages of weather
					variables, such as essMinTemp for the minimum temperature over some time period. In other words, the observation type provides basic information
					about how to interpret the observation values and what those values measure.</li>
					<li>Each WxDE weather observation is associated with a sensor, and metadata about the sensor provides information about how the observed values
					are generated. In most cases, a WxDE sensor represents a physical device, such as a specific model of temperature sensor. In some cases, a WxDE
					sensor represents the software tool that generated the observation. For example, several sensor types were introduced to represent 
					<a href="#id=whatis_vehicledatatranslator">Vehicle Data Translator</a> algorithms for producing weather observations. In other words, the sensor
					provides information about how a weather observation was generated.</li>
					<li>Each WxDE sensor is associated with a WxDE platform. In most cases, the WxDE platform represents a physical platform that houses a physical
					sensor, such as a temperature sensor built into an Environmental Sensor Station. But, a platform can also represent a road segment to which weather
					observations apply, such as the minimum and maximum temperature along a road segment produced by the Vehicle Data Translator. In other words, the
					platform provides information about the geographic region to which an observation applies.</li>
					<li>Each WxDE platform is associated with a contributor. In most cases, the contributor is the agency or organization that maintains and operates
					a physical platform, such as an Environmental Sensor Station. In the case of the Vehicle Data Translator, the contributor is the Vehicle Data
					Translator.</li>
				</ul>
				<P>The WxDE also associates with each weather observation value several quality check values, which provide information about the expected validity of the
				observation. For example, the WxDE applies a persistence test to all weather observations received from physical sensors; this test is intended to detect
				when a sensor is “stuck” and continuously transmits the same value. The quality check values associated with each weather observation can help a user
				determine which observations are suspect so they can be excluded from downstream processing.</P>
			]]></answer>
			<visible>true</visible>
		</faq>
	</faqcategory>

	<faqcategory id="registration" catname="Registration and Privacy">
		<faq>
			<id>why_register</id>
			<question>
				What should I register?
			</question>
			<answer><![CDATA[
				<P>Registered users have greater access to Weather Data Environment data and features than non-registered users. Non-registered users are limited to using the Weather
				Data Environment map to view recent data and are limited to viewing data from organizations that do not place any access restrictions on the data they provide.
				Registered users can also define (a) queries to view and/or download historical data stored in the Weather Data Environment and (b) subscriptions to periodically
				download recently received data. Registered users also have access to other Weather Data Environment features, such as metadata about Weather Data Environment data
				and discussion groups.</P>
			]]></answer>
			<visible>true</visible>
		</faq>
		<faq>
			<id>howis_privacyprotected</id>
			<question>
				How is my privacy protected as a registered WxDE user?
			</question>
			<answer><![CDATA[
				<P>Information about Weather Data Environment (WxDE) registered users is used only for purposes related to WxDE operations and is never shared or distributed to others.
				Summary statistics on WxDE usage are gathered for program evaluation purposes. Statistics on general categories of users may be gathered (e.g., academic, private sector,
				government), but individual user statistics are not gathered.</P>
			]]></answer>
			<visible>true</visible>
		</faq>
		<faq>
			<id>why_feedback</id>
			<question>
				What should I provide feedback?
			</question>
			<answer><![CDATA[
				<P>The Weather Data Environment (WxDE) is still being improved to better support the research, analysis, application development, and testing needs of the transportation
				weather and connected vehicle communities. Your feedback will help the WxDE development team enhance the WxDE capabilities so as to better meet your needs. The WxDE
				development team periodically reviews feedback provided on the WxDE and, from that feedback, maintains a list of potential WxDE future enhancements. USDOT identifies
				which future enhancements should be implemented, as funding and scheduling permits.</P>
			]]></answer>
			<visible>true</visible>
		</faq>
		<faq>
			<id>howis_dataprotected</id>
			<question>
				How is data privacy protected?
			</question>
			<answer><![CDATA[
				<P>It is the intent that the data sets on the Weather Data Environment (WxDE) are free of any private or sensitive data. It is also the intent that data on the WxDE
				cannot be combined with other data sources to infer private information. If there are any privacy concerns related to data on the WxDE, please use the “Contact Us”
				feature to alert the WxDE managers.</P>
			]]></answer>
			<visible>true</visible>
		</faq>
	</faqcategory>

	<faqcategory id="usingwxde" catname="Using the Weather Data Environment">
		<faq>
			<id>how_changeuserinfo</id>
			<question>
				How do I change my user information?
			</question>
			<answer><![CDATA[
				<P>A registered user can change their user information (e.g., update their email address, change their password). To change user information, the user must first log
				in to the Weather Data Environment, then follow the steps below:</P>
				<ol>
					<li>Move the cursor over your user name, which is displayed at the far right of the menu bar, then click on the Manage menu option.</li>
					<li>Change any information you would like to change. Note that you are required to change your password when changing user information and that all fields
					are required, so cannot be blank.</li>
					<li>Click on the Save button to save the changes or the Cancel button to cancel the changes.</li>
				</ol>
				<P>If you make changes, you will receive an email notifying you that your Weather Data Environment account information has been changed.</P>
			]]></answer>
			<visible>true</visible>
		</faq>
		<faq>
			<id>how_createcontributorsubscription</id>
			<question>
				How do I create a subscription based on contributors?
			</question>
			<answer><![CDATA[
				<P>A user can use the Contributor wizard to specify criteria for creating a subscription to periodically select data provided by a specific contributor. The initial
				steps for creating a subscription are identical to the steps for creating a data query, and identify the desired observations. The difference comes when specifying
				the time period for the request. With a data query, you specify the time period for the data request. For a subscription, you specify the periodicity with which the
				subscription should run (e.g., every 5 minutes). The steps for creating a subscription based on a contributor are:</P>
				<ol>
					<li>Select the Data - Observations - Coordinates menu option.</li>
					<li>Select an approach for specifying the geographic region of interest by clicking on the Bounding Box button to select data within a rectangular region or
					the Point & Radius button to select data within a circular region.</li>
					<li>If Bounding Box was selected, enter the minimum latitude and longitude values in the Latitude 1 and Longitude 1 text boxes, respectively. Then, 
					enter the maximum latitude and longitude values in the Latitude 2 and Longitude 2 text boxes and click Next Page button.</li>
					<li>If Point and Radius was selected, enter the latitude and longitude of the mid-point of the circular region in the Latitude and Longitude text boxes,
					and the radius of the circular region in kilometers in the Radius text box, and click the Next Page button.</li>
					<li>Select one or more contributors from the All Contributors list and click the &rdquo;>>&ldquo; button to transfer those contributors to the Selected Contributors
					list. After selecting all the contributors of interest, click the &ldquo;Next Page&rdquo; button.</li>
					<li>Select the observation type of interest from the Observation Type drop-down list, or select the “All Observations” option from this list to select all
					observation types. If you select an observation type, go to step 5. Otherwise, skip to step 6.</li>
					<li>If you select an observation type, you can specify selection criteria for the observations. If you do not want to filter the observations, skip to step 6.
					Otherwise, specify values in the Minimum and Maximum text boxes to filter out the observations that lie outside the specified range and select options in
					the Quality Checks drop down boxes to filter out observations that either do (select &ldquo;P&rdquo;) or do not (select &rdquo;N&ldquo;) pass specific quality
					checks.</li>
					<li>Click the Subscribe button.</li>
					<li>Enter the security code shown in the Security Code box. If you wish to prevent other users from accessing the subscription data, enter a password in
					the Password box. Select the frequency with which the subscription data should be generated in the Interval drop down box. Set the output format for the
					subscription with the Output Format drop down box. Then, click Subscribe to create the subscription.</li>
					<li>Record the subscription URL, which is used to access the subscription data.</li>
				</ol>
				<P>After creating the subscription, the first subscription file will be created within the time period specified under frequency in step 9 above. You can access
				the subscription files by entering the URL recorded in step 10 in your browser.  Your subscription will continue to run as long as you periodically download the
				subscription data. If fourteen days elapse without anyone downloading subscription data, the subscription is retired.</P>
				<P>Note that the first 7 steps of this process are identical to the steps for creating a coordinate-based query. See <a href="#id=how_contributorquery">&ldquo;How
				do I create a query by contributor&rdquo;</a>?</P>
			]]></answer>
			<visible>true</visible>
		</faq>
		<faq>
			<id>how_createcoordinatesubscription</id>
			<question>
				How do I create a subscription based on coordinates?
			</question>
			<answer><![CDATA[
				<P>A user can use the Coordinate wizard to specify criteria for creating a subscription to periodically select data within a specific geographic region. The initial steps
				for creating a subscription are identical to the steps for creating a data query, and identify the desired observations. The difference comes when specifying the time period
				for the request. With a data query, you specify the time period for the data request. For a subscription, you specify the periodicity with which the subscription should run
				(e.g., every 5 minutes). The steps for creating a subscription based on coordinates are:</P>
				<ol>
					<li>Select the Data - Observations - Contributor menu option. This option is only available to registered users.</li>
					<li>Select one or more contributors from the All Contributors list and click the “>>” button to transfer those contributors to the Selected Contributors list.
					After selecting all the contributors of interest, click the &ldquo;Next Page&rdquo; button.</li>
					<li>Select one or more platforms from the All Platforms list and click the down button to transfer those platforms to the Selected Platforms list. To transfer
					all platforms, left-click on the first platform in the All Platforms list, left-click on the scroll bar button and hold down the left mouse button while
					dragging the scroll bar to the bottom of the All Platforms list, hold down the shift key while left-clicking on the last item in the All Platforms list,
					and click the down button. Click the “Next Page” button after selecting all the platforms of interest.</li>
					<li>Select the observation type of interest from the Observation Type drop-down list, or select the “All Observations” option from this list to select
					all observation types. If you select an observation type, go to step 5. Otherwise, skip to step 6.</li>
					<li>If you select an observation type, you can specify selection criteria for the observations. If you do not want to filter the observations, skip to step 6.
					Otherwise, specify values in the Minimum and Maximum text boxes to filter out the observations that lie outside the specified range and select options in the
					Quality Checks drop down boxes to filter out observations that either do (select &ldquo;P&rdquo;) or do not (select &ldquo;N&rdquo;) pass specific quality
					checks.</li>
					<li>Click the Subscribe button.</li>
					<li>Enter the security code shown in the Security Code box. If you wish to prevent other users from accessing the subscription data, enter a password in the
					Password box. Select the frequency with which the subscription data should be generated in the Interval drop down box. Set the output format for the
					subscription with the Output Format drop down box. Then, click Subscribe to create the subscription.</li>
					<li>Record the subscription URL, which is used to access the subscription data.</li>
				</ol>
				<P>After creating the subscription, the first subscription file will be created within the time period specified under frequency in step 7 above. You can access the
				subscription files by entering the URL recorded in step 8 in your browser.  Your subscription will continue to run as long as you periodically download the subscription
				data. If fourteen days elapse without anyone downloading subscription data, the subscription is retired.</P>
				<P>Note that the first 5 steps of this process are identical to the steps for creating a coordinate-based query. See <a href="#id=how_coordinatequery">&ldquo;How
				do I create a query by coordinates?&rdquo;</a></P>
			]]></answer>
			<visible>true</visible>
		</faq>
		<faq>
			<id>how_downloaddata</id>
			<question>
				How do I download data?
			</question>
			<answer><![CDATA[
				<P>See the topic <a href="#id=how_querydata">&ldquo;How do I query data?&rdquo;</a></P>
			]]></answer>
			<visible>true</visible>
		</faq>
		<faq>
			<id>how_login</id>
			<question>
				How do I log in?
			</question>
			<answer><![CDATA[
				<P>When a user first accesses the Weather Data Environment, the features they can access are limited. A user that has registered can access additional features
				by logging in, using the following process:</P>
				<ol>
					<li>Click on the Login menu option.</li>
					<li>Enter user name and password in User Name and Password text boxes. If you have forgotten your user name or password, click on the 
					<a href="#id=how_recoveruserinfo">&ldquo;Can’t access your account?&rdquo;</a> hyperlink to recover user information.</li>
					<li>Click on the Login button to complete the log in process. If either the user name or password is mistyped, a login failure warning message is displayed
					and you can either click on the Login button to re-enter that information or click the &ldquo;Can’t access your account?&rdquo; hyperlink to recover user
					information.</li>
				</ol>
				<P>After logging in, you will be returned to the Weather Data Environment home page. When you are logged in, the “Login” menu option will be replaced with your
				user name.</P>
			]]></answer>
			<visible>true</visible>
		</faq>
		<faq>
			<id>how_logout</id>
			<question>
				How do I log out?
			</question>
			<answer><![CDATA[
				<P>If you are logged in, your user name will be displayed at the far right of the menu bar; otherwise, &ldquo;Login&rdquo; is displayed. To log out, hover the
				cursor over your user name on the menu bar and click on the Logout menu option. You will be logged out and returned to the Weather Data Environment home page.</P>
			]]></answer>
			<visible>true</visible>
		</faq>
		<faq>
			<id>how_querydata</id>
			<question>
				How do I query data?
			</question>
			<answer><![CDATA[
				<P>A user can query the Weather Data Environment (WxDE) to view data archived in the WxDE and download data after viewing it. The user specifies criteria that
				define the data they want to view (e.g., from which platforms, for what date range, for what observation types), and the WxDE returns the data that meets the
				specified criteria. The WxDE includes two wizards the user can use to specify the query criteria: (1) a Contributor wizard that helps select data provided by
				a specific contributor and (2) a Coordinate wizard that helps select data within a specific geographic region. See the topic <a href="#id=how_contributorquery">&ldquo;How
				do I query data by contributor?&rdquo;</a> for more information on the first of these, and the topic <a href="#id=how_coordinatequery">&ldquo;How do I query
				data by coordinates?&rdquo;</a> for more information on the second.</P>
			]]></answer>
			<visible>true</visible>
		</faq>
		<faq>
			<id>how_contributorquery</id>
			<question>
				How do I query data by contributor?
			</question>
			<answer><![CDATA[
				<P>A user can use the Contributor wizard to specify criteria for selecting data provided by a specific contributor by:</P>
				<ol>
					<li>Select the Data - Observations - Contributor menu option.</li>
					<li>Select one or more contributors from the All Contributors list and click the “>>” button to transfer those contributors to the Selected Contributors list.
					After selecting all the contributors of interest, click the “Next Page” button.</li>
					<li>Select one or more platforms from the All Platforms list and click the down button to transfer those platforms to the Selected Platforms list. To
					transfer all platforms, left-click on the first platform in the All Platforms list, left-click on the scroll bar button and hold down the left mouse button
					while dragging the scroll bar to the bottom of the All Platforms list, hold down the shift key while left-clicking on the last item in the All Platforms list,
					and click the down button. Click the &ldquo;Next Page&rdquo; button after selecting all the platforms of interest.</li>
					<li>Select the observation type of interest from the Observation Type drop-down list, or select the &ldquo;All Observations&rdquo; option from this list to
					select all observation types. If you select an observation type, go to step 5. Otherwise, skip to step 6.</li>
					<li>If you select an observation type, you can specify selection criteria for the observations. If you do not want to filter the observations, skip to step 6.
					Otherwise, specify values in the Minimum and Maximum text boxes to filter out the observations that lie outside the specified range and select options in
					the Quality Checks drop down boxes to filter out observations that either do (select “P”) or do not (select “N”) pass specific quality checks.</li>
					<li>Click the Run Report button.</li>
					<li>Specify Start Date + Start Time and End Date + End Time values to filter out observations that lie outside of the specified date-and-time range. Specify
					a data format: CMML for ??, CSV for a comma delimited file, and XML for a XML file. Then, click the Run Query button to run the query.</li>
				</ol>
				<P>You can then view the data returned by the query in the browser window, or select the Save Data button to save the data to your local hard drive.</P>
				<P>Note that the first 5 steps of this process are identical to the steps for creating a contributor-based subscription. See 
				<a href="#id=how_createcontributorsubscription">&ldquo;How do I create a subscription by contributor?&rdquo;</a></P>
			]]></answer>
			<visible>true</visible>

		</faq>
		<faq>
			<id>how_coordinatequery</id>
			<question>
				How do I query data by coordinates?
			</question>
			<answer><![CDATA[
				<P>A user can use the Coordinate wizard to specify criteria for selecting data within a specific geographic region by:</P>
				<ol>
					<li>Select the Data - Observations - Coordinates menu option.</li>
					<li>Select an approach for specifying the geographic region of interest by clicking on the Bounding Box button to select data within a rectangular region
					or the Point and Radius button to select data within a circular region.</li>
					<li>If Bounding Box was selected, enter the minimum latitude and longitude values in the Latitude 1 and Longitude 1 text boxes, respectively. Then, enter
					the maximum latitude and longitude values in the Latitude 2 and Longitude 2 text boxes and click Next Page button.</li>
					<li>If Point & Radius was selected, enter the latitude and longitude of the mid-point of the circular region in the Latitude and Longitude text boxes,
					and the radius of the circular region in kilometers in the Radius text box, and click the Next Page button.</li>
					<li>Select one or more contributors from the All Contributors list and click the “>>” button to transfer those contributors to the Selected Contributors
					list. After selecting all the contributors of interest, click the “Next Page” button.</li>
					<li>Select the observation type of interest from the Observation Type drop-down list, or select the “All Observations” option from this list to select
					all observation types. If you select an observation type, go to step 5. Otherwise, skip to step 6.</li>
					<li>If you select an observation type, you can specify selection criteria for the observations. If you do not want to filter the observations, skip to
					step 6. Otherwise, specify values in the Minimum and Maximum text boxes to filter out the observations that lie outside the specified range and select
					options in the Quality Checks drop down boxes to filter out observations that either do (select “P”) or do not (select &ldquo;N&rdquo;) pass specific
					quality checks.</li>
					<li>Click the Run Report button.</li>
					<li>Specify Start Date + Start Time and End Date + End Time values to filter out observations that lie outside of the specified date-and-time range.
					Specify a data format: CMML for ??, CSV for a comma delimited file, and XML for a XML file. Then, click the Run Query button to run the query.</li>
				</ol>
				<P>You can then view the data returned by the query in the browser window, or select the Save Data button to save the data to your local hard drive.</P>
				<P>Note that the first 5 steps of this process are identical to the steps for creating a coordinate-based subscription. See <a href="#id=how_createcoordinatesubscription">
				&ldquo;How do I create a subscription by coordinates?&rdquo;</a></P>
			]]></answer>
			<visible>true</visible>
		</faq>
		<faq>
			<id>how_recoveruserinfo</id>
			<question>
				How do I recover a forgotten user name or password?
			</question>
			<answer><![CDATA[
				<P>A user that has forgotten their user name or password can request that the Weather Data Environment (WxDE) send them an email that allows them to recover that information,
				via the following process:</P>
				<ol>
					<li>Click on the Login menu option. (If you do not see the Login menu option, it indicates that you are already logged in to the WxDE and you must first
					<a href="#id=how_logout">log out</a> before you can recover user information.)</li>
					<li>Click on the “Can’t access your account?” hyperlink.</li>
					<li>Select either the “I Forgot my Password” or “I Forgot my User ID” button.</li>
					<li>Enter the business email address you used when creating your WxDE account.</li>
					<li>Click the Submit button and follow the instructions provided.</li>
				</ol>
				<P>If you have forgotten your user name, you will receive an email that reminds you of your user name.</P>
				<P>If you have forgotten your password, you will receive an email that includes a hyperlink you can use to reset your password. Click on the hyperlink. (If your
				email client does not allow you to go to hyperlinks in emails by clicking on them, then open a Web browser and copy-and-paste the hyperlink into the browser URL box.)
				This will bring you to a WxDE password reset screen. Enter and verify your new password and click the Save button. Your password is new reset.</P>
			]]></answer>
			<visible>true</visible>
		</faq>
		<faq>
			<id>how_register</id>
			<question>
				How do I register?
			</question>
			<answer><![CDATA[
				<P>Registered users have access to more Weather Data Environment features than other users. 
				(See “Why should I register?” for more information.) Follow the steps below to register:</P>
				<ol>
					<li>Click on the Login – Registration menu option.</li>
					<li>Enter a user name in the User Name text box. Note that the User Name must be unique. If another user
					has already registered with the requested user name, you will receive a warning when you click the Save
					button and will need to select a different user name.</li>
					<li>Enter an email address in the Business Email text box. Only one user can be associated with each email
					address. If you enter an email address that has already been, you will receive a warning when you click the
					Save button and will need to enter a different email address.</li>
					<li>Enter a password in the Password text box and re-enter the same password in the Verify Password text box.
					The password must be at least 7 characters in length.</li>
					<li>Enter your first and last name, the name of the organization with which you are associated, the type of
					organization, and the country in which you live in the next five boxes.</li>
					<li>Click the Save button to complete the registration and go to the log in screen to log in.</li>
				</ol>
				<P>After you complete the registration process, an email will be sent to you that includes a link for verifying your
				email address. When you receive this email, click on the link to verify your email address.</P>
			]]></answer>
			<visible>true</visible>
		</faq>
		<faq>
			<id>how_reportproblem</id>
			<question>
				How do I report a problem?
			</question>
			<answer><![CDATA[
				<P>You can report a problem with the Weather Data Environment (WxDE) via the following process:</P>
				<ol>
					<li>Select the Feedback menu option.</li>
					<li>Click on the Bug Report button.</li>
					<li>Enter your name and a business email address. (If you are a logged in, registered user, this information
					will be automatically populated from your account information.)</li>
					<li>The Section will be automatically populated with a reference to the WxDE page you were on when you selected
					the Feedback menu option.</li>
					<li>Select the type of problem you are reporting by selecting a Bug Report option and enter a description of
					the problem in the Description text box.</li>
					<li>Click on the Submit Feedback button to report the problem, or click on the Cancel button to cancel the
					problem report.</li>
				</ol>
			]]></answer>
			<visible>true</visible>
		</faq>
		<faq>
			<id>how_suggestenhancement</id>
			<question>
				How do I suggest an enhancement?
			</question>
			<answer><![CDATA[
				<P>USDOT and the Weather Data Environment (WxDE) development team are constantly trying to improve the WxDE so it can
				better serve the transportation weather and connected vehicle user communities. In order to do that, it is important
				for users to provide suggestions of enhancements that would help the WxDE better meet your needs. You can suggest WxDE
				enhancements via the following process:</P>
				<ol>
					<li>Select the Feedback menu option.</li>
					<li>Click on the New Feature button.</li>
					<li>Enter your name and a business email address. (If you are a logged in, registered user, this information
					will be automatically populated from your account information.)</li>
					<li>The Section will be automatically populated with a reference to the WxDE page you were on when you selected
					the Feedback menu option.</li>
					<li>Enter a description of the enhancement in the Description text box.</li>
					<li>Click on the Submit Feedback button to report the problem, or click on the Cancel button to cancel the
					problem report.</li>
				</ol>
			]]></answer>
			<visible>true</visible>
		</faq>
		<faq>
			<id>how_viewdatamap</id>
			<question>
				How do I view data in a map?
			</question>
			<answer><![CDATA[
				<P>A user can view Weather Data Environment (WxDE) data via a map that shows the positions at which WxDE observations
				are available and can view the observations by clicking on one of the dots or lines that represent those locations. To
				access the WxDE observation map:</P>
				<ol>
					<li>Select the Data – Data Map menu option.</li>
					<li>Click on one of the regions in the Data Map display to select a region of interest. (Note that the regions
					are color-coded to indicate the status of WxDE data for each region. A region is colored orange if the WxDE
					receives data from the region and the data provider has authorized the WxDE to make the data available to WxDE
					users. A region is colored blue if the WxDE receives data from the region, but the data provider has not 
					authorized the WxDE to make the data available to WxDE users. A region is colored gray if the WxDE does not
					receive data from the region.)</li>
				</ol>
				<P>After selecting a region, the WxDE data map is displayed, centered and zoomed in to the selected region. The map
				displays the background geography with the following layers of data:</P>
				<ul>
					<li>The locations of fixed platforms are displayed as either pink dots (if data from the platform is currently
					available) or gray dots (if data from the platform is not currently available or the contributor has not signed
					a data sharing agreement).</li>
					<li>The points at which WxDE mobile data is available are displayed as blue dots.</li>
					<li>The points at which VDT mobile data is available are displayed as brown dots.</li>
				</ul>
				<P>If you click on any of these dots, the data associated with the dot will be displayed. For a fixed platform, the most
				recent data from that platform will be displayed. For a WxDE or VDT mobile data dot, the data obtained from the mobile
				platform at that location will be displayed.</P>
				<P>You can select any of the following options to modify the data map display:</P>
				<ul>
					<li>You can select a region in the “Re-center map on” drop down box at the upper left to re-center and zoom in
					to a different location on the map.</li>
					<li>You can select an observation type in the drop down box at the bottom left, and the most recent observation
					of that observation type will be displayed for each fixed platform and mobile data location.</li>
					<li>You can select the Metric and English option to toggle between displaying observations in metric and English units.</li>
					<li>You can click on the check boxes at the bottom of the map to indicate which types of data you want displayed.</li>
				</ul>
			]]></answer>
			<visible>true</visible>
		</faq>
	</faqcategory>

	<faqcategory id="terms" catname="Weather Data Environment Terminology">

		<faq>
			<id>whatis_dataquery</id>
			<question>
				What is a data query?
			</question>
			<answer><![CDATA[
				<P>A data query is used to download data from the Weather Data Environment (WxDE). The data query definition consists of a
				specification of the data that is desired and the format of the requested data. For example, one could specify they want
				air temperature data from <a href="#id=whatis_fixedplatform">fixed platforms</a> in Minnesota
				for the period from December 1, 2011 through December 31, 2011 in XML format. The WxDE processes the data query definition
				to produce the requested data and display the data for the user. The user also has the choice to download the data to their
				local computer.</P>
				<P>Currently, the WxDE supports two wizards for defining data queries: (1) a <a href="#id=how_contributorquery">
				contributor wizard</a> for selecting data based	on the contributor that provides it and (2) a <a href="#id=how_coordinatequery">
				coordinate wizard</a> for selecting data based on a geographic region.</P>
				<P>A related topic is a <a href="#id=whatis_datasubscription">data subscription</a>, which
				differs from a data query in that a data query is used one time, typically to obtain historical data, and a data subscription
				is run periodically to obtain the most recent data received by the WxDE.</P>
			]]></answer>
			<visible>true</visible>
		</faq>
		<faq>
			<id>whatis_datasharingagreement</id>
			<question>
				What is a data sharing agreement?
			</question>
			<answer><![CDATA[
				<P>A data sharing agreement is an agreement signed by an organization that contributes data to the Weather Data Environment
				(WxDE) that describes the limitations, if any, on how the WxDE can share with others the data received from that organization.
				USDOT developed a standard data sharing agreement that allows free and open sharing of data, and most WxDE contributors have
				signed that standard agreement. Once the WxDE is provided with access to a contributor’s data and a data sharing agreement is
				in place, the data from that contributor is made available to users through the WxDE site.</P>
				<P>In some cases, the WxDE was provided access to data from a contributor before a data sharing agreement was in place. In
				those cases, WxDE users will be able to see that data is available from that user, but will not be able to access that data.</P>
			]]></answer>
			<visible>true</visible>
		</faq>
		<faq>
			<id>whatis_datasubscription</id>
			<question>
				What is a data subscription?
			</question>
			<answer><![CDATA[
				<P>A data subscription is used to periodically obtain data from the Weather Data Environment (WxDE). The data subscription
				definition consists of a specification of the data that is desired, the format of the requested data, and the frequency with
				which the data should be generted. For example, one could specify they want air temperature data from <a href="#id=whatis_fixedplatform">
				fixed platforms</a> in Minnesota every 20 minutes in XML format. The WxDE would process this request every 20 minutes to generate
				a file containing the air temperature data from Minnesota fixed platforms obtained in the 20 minute period prior to the time
				the request was processed and would generate a XML file containing this data. This file would be placed on the WxDE server and
				available for download by the user.</P>
				<P>Currently, the WxDE supports two wizards for defining data subscriptions: (1) a <a href="#id=how_createcontributorsubscription">
				contributor wizard</a> for selecting data based on the contributor that provides it and (2) a <a href="#id=how_createcoordinatesubscription">
				coordinate wizard</a> for selecting data based on a geographic region.</P>
				<P>A related topic is a <a href="#id=whatis_dataquery">data query</a>, which differs from a data
				subscription in that a data query is used one time, typically to obtain historical data, and a data subscription is run 
				periodically to obtain the most recent data received by the WxDE.</P>
			]]></answer>
			<visible>true</visible>
		</faq>
		<faq>
			<id>whatis_feedback</id>
			<question>
				What is feedback?
			</question>
			<answer><![CDATA[
				<P>Feedback is any information a Weather Data Environment (WxDE) user wants to provide to the WxDE development team. For example,
				a user may want to recommend an enhancement to the WxDE or report a bug. For information on how to submit feedback, see the
				<a href="#id=how_reportproblem">&ldquo;How do I report a problem?&rdquo;</a> and
				<a href="#id=how_suggestenhancement">&ldquo;How do I suggest an enhancement?&rdquo;</a> topics.</P>
			]]></answer>
			<visible>true</visible>
		</faq>
		<faq>
			<id>whatis_fixedplatform</id>
			<question>
				What is a fixed platform?
			</question>
			<answer><![CDATA[
				<P>In the Weather Data Environment (WxDE), a fixed platform refers to a collection of weather sensors co-located together at a fixed
				location that collect weather observations and provide those observations to the WxDE. A fixed platform can either be permanent
				(meaning that it cannot be moved) or temporary (meaning that the weather sensors are attached to a trailer that can be moved, but
				typically operates at a fixed location for extended periods of time between moves). In the literature, a WxDE fixed platform is
				sometimes referred to as an Environmental Sensor Station or simply as a weather station.</P>
				<P>Contrast with a <a href="#id=whatis_mobileplatform">mobile platform</a>, which is a vehicle from
				which weather observation data is collected.</P>
			]]></answer>
			<visible>true</visible>
		</faq>
		<faq>
			<id>whatis_mobileplatform</id>
			<question>
				What is a mobile platform?
			</question>
			<answer><![CDATA[
				<P>In the Weather Data Environment (WxDE), a mobile platform refers to a vehicle equipped to collect weather observations and
				transmit those observations to the WxDE. These observations may come from sensors typically built into the vehicle (e.g., air
				temperature observations collected to adjust engine performance and available from the vehicle’s controller area network). 
				Other observations may come from sensors placed on a vehicle specifically to measure weather conditions (e.g., air temperature
				sensors placed on de-icing trucks).</P>
				<P>Contrast with a <a href="#id=whatis_fixedplatform">fixed platform</a>, which is a weather station
				that remains stationary.</P>
			]]></answer>
			<visible>true</visible>
		</faq>
		<faq>
			<id>whatis_nonmobiledata</id>
			<question>
				What is non-mobile data?
			</question>
			<answer><![CDATA[
				<P>Non-mobile data refers to weather observation data collected from a <a href="#id=whatis_fixedplatform">
				fixed platform</a>. This term is used as a label for check boxes on the Weather Data Environment Data Map. If the associated
				check box is checked, data from fixed platforms is included in the map display; otherwise, data from fixed platforms is
				excluded from the display.</P>
			]]></answer>
			<visible>true</visible>
		</faq>
		<faq>
			<id>whatis_mobiledata</id>
			<question>
				What is mobile data?
			</question>
			<answer><![CDATA[
				<P>Mobile data refers to weather observation data collected from a <a href="#id=whatis_mobileplatform">
				mobile platform</a>. In the Weather Data Environment (WxDE), there are currently two forms of mobile data: (1) 
				<a href="#id=whatis_wxdemobiledata">WxDE mobile data</a> (data received by the WXDE directly from a contributor)
				and (2) <a href="#id=whatis_vdtmobiledata">VDT mobile data</a> (data received by the WxDE after 
				being first processed by the VDT).</P>
			]]></answer>
			<visible>true</visible>
		</faq>
		<faq>
			<id>whatis_qualitymetrics</id>
			<question>
				What are quality control metrics?
			</question>
			<answer><![CDATA[
				<P>Quality control metrics in the Weather Data Environment (WxDE) are values computed with each observation that give an indication
				of the quality of that observation. For example, the quality metrics for an observation that is significantly different from
				historical norms for the observation area or significantly different from nearby observations would indicate that the 
				observation was suspect. See the topics on <a href="#id=whatis_wxdequalitymetrics">WxDE quality metrics</a> and
				<a href="#id=whatis_vdtqualitymetrics">VDT quality metrics</a> for more information.</P>
			]]></answer>
			<visible>true</visible>
		</faq>
		<faq>
			<id>whatis_roadsegmentdata</id>
			<question>
				What is road segment data?
			</question>
			<answer><![CDATA[
				<P>Road segment data refers to weather observation data that applies to a specific road segment. For example, the 
				<a href="#id=whatis_vehicledatatranslator">Vehicle Data Translator</a> produces statistical summaries
				of weather observations and assessments that summarize weather-related road conditions along road segments. This term is used as a
				label for check boxes on the Weather Data Environment Data Map. If the associated check box is checked, road segment data produced
				by the Vehicle Data Translator is included in the map display; otherwise, this data is excluded from the display.</P>
			]]></answer>
			<visible>true</visible>
		</faq>
		<faq>
			<id>whatis_vdtmobiledata</id>
			<question>
				What is VDT mobile data?
			</question>
			<answer><![CDATA[
				<P>VDT mobile data refers to weather observation data originally collected from a <a href="#id=whatis_mobileplatform">
				mobile platform</a> and that is pre-processed by the <a href="#id=whatis_vehicledatatranslator">Vehicle
				Data Translator (VDT)</a> before being integrated into the Weather Data Environment. Because it is pre-processed by the VDT, each VDT
				mobile data weather observation has associated with it both VDT quality check values and Weather Data Environment quality check values.
				This term is specifically used as a label for check boxes on the Weather Data Environment Data Map. If the associated check box is
				checked, mobile data from the VDT is included in the map display; otherwise, this data is excluded from the display.</P>
			]]></answer>
			<visible>true</visible>
		</faq>
		<faq>
			<id>whatis_vdtqualitymetrics</id>
			<question>
				What are Vehicle Data Translator quality control metrics?
			</question>
			<answer><![CDATA[
				<P>The <a href="#id=whatis_vehicledatatranslator">Vehicle Data Translator (VDT)</a> is a system that runs
				as part of the Weather Data Environment (WxDE) and produces estimated weather observation values. One of the things the VDT does is
				compute the following quality metrics for mobile observations:</P>
				<ul>
					<li>LIST AND DESCRIBE VDT QUALITY METRICS HERE.</li>
				</ul>
				<P>See the the description of <a href="#id=whatis_wxdequalitymetrics">Weather Data Environment quality
				control metrics</a> for information on other quality metrics computed by the Weather Data Environment.</P>
			]]></answer>
			<visible>true</visible>
		</faq>
		<faq>
			<id>whatis_vehicledatatranslator</id>
			<question>
				What is the Vehicle Data Translator (VDT)?
			</question>
			<answer><![CDATA[
				<P>The Vehicle Data Translator (VDT) is a software system developed by the National Center of Atmospheric Research to develop and
				improve the role of connected vehicles in road weather information. The VDT collects <a href="#id=whatis_mobiledata">
				mobile data</a>, such as might be collected from connected vehicles, and combines it with other types of weather data (e.g., observations from
				<a href="#id=whatis_fixedplatform">fixed platforms</a>, observations from Doppler radar stations, estimates from
				weather analysis models) and uses the combination of this data to estimate the following types of weather data:</P>
				<ul>
					<li><a href="#id=whatis_vdtmobiledata">VDT mobile data</a>, which is data from 
					<a href="#id=whatis_mobileplatform">mobile platforms</a> to which VDT quality tests are applied in order
					to associate VDT quality checks values with each mobile observation.</li>
					<li>Road segment statistics, which are statistical measures of weather variables along a road segment, such as the minimum, average,
					and maximum air temperature along a road segment.</li>
					<li>Road segment assessments, which are summaries of weather-related road conditions along a road segment.</li>
					<li>Grid statistics, which are statistical measures of weather variables for geographic regions, such as the minimum, average, and
					 maximum air temperature inside a specific rectangular area.</li>
				</ul>
				<P>A version of the VDT has been integrated with the Weather Data Environment (WxDE). This integrated VDT obtains fixed and mobile data from
				the WxDE, and the VDT mobile data, road segment statistics, and road segment assessment data produced by this version of the VDT are ingested
				by the WxDE and integrated into the WxDE database and data displays.</P>
			]]></answer>
			<visible>true</visible>
		</faq>
		<faq>
			<id>whatis_wxdemetadata</id>
			<question>
				What is Weather Data Environment metadata?
			</question>
			<answer><![CDATA[
				<P>Weather Data Environment (WxDE) metadata is a collection of background information about the weather observations contained within the WxDE.
				For example, the metadata related to each weather observation provides information about (a) the type of observation (e.g., air temperature),
				(b) the sensor used to collect or generate that data, (c) the platform on which the sensor is located or associated, and (d) the organization
				responsible for that platform.</P>
				<P>See the topic <a href="#id=wxdedata_organized">&ldquo;How is Weather Data Environment weather observation
				data organized?&rdquo;</a> for a description of how data is organized within the WxDE and the types of metadata available that describes that
				organization. See the document [NEED A HYPERLINKED DOCUMENT HERE] for a detailed description of WxDE metadata.</a>
			]]></answer>
			<visible>true</visible>
		</faq>
		<faq>
			<id>whatis_wxdequalitymetrics</id>
			<question>
				What are Weather Data Environment quality control metrics?
			</question>
			<answer><![CDATA[
				<P>One of the features of the Weather Data Environment (WxDE) is that it calculates quality control metrics for each most weather observation
				collected by the WxDE. These quality control metrics are intended to indicate the expected quality and reliability of the weather observation
				by testing for specific types of failures that could indicate the observation is flawed. The WxDE quality checks are:</P>
				<ul>
					<li>Persistence Test. This test verifies that the time-series of observations from a single sensor are not constant, which would
					indicate that the sensor has failed and is repeatedly reporting the same value.</li>
					<li>Sensor Range Test. This test verifies that the observation lies within the range for which the sensor used to generate the
					observation can provide accurate observations. It is only applied when information about the valid range of observations from a
					sensor is known.</li>
					<li>Step Test. This test verifies that the change between an observation and previous observations from the same sensor is less
					than the maximum rate of change allowed for the sensor that produced the observations.</li>
					<li>Climate Range Test. This test verifies that observations lie within a range of values expected for the location at which the
					observation was made at the time of year when the observation was made.</li>
					<li>Like Instrument Test. This test verifies that observations from similar sensors on the same platform are close to each other.</li>
					<li>Barnes Spatial Test. This test verifies that observations from similar sensors in the same geographic area are close to each other.</li>
					<li>IQR Spatial Test. This test is an alternative to the Barnes Spatial Test that verifies that observations from similar sensors
					in the same geographic area are close to each other.</li>
					<li>The Dewpoint Test. This test is an application of the Barnes Spatial Test to dewpoint temperature values that are computed from
					air temperature and relative humidity values.</li>
					<li>Sea Level Pressure Test. This test is an application of the Barnes Spatial Test to sea level pressure estimates computed by
					correcting barometric pressure measurements for elevation.</li>
					<li>Precipitation Accumulation Test. This test verifies that the precipitation accumulation values in the same geographic area
					are close to each other.</li>
					<li>Complete Test. This test indicates whether the WxDE quality check calculations completed.</li>
				</ul>
				<P>See the document [NEED A HYPERLINKED DOCUMENT HERE] for a detailed description of the WxDE quality metrics.</P>
				<P>The WxDE also includes quality metrics computed by the Vehicle Data Translator. See the topic 
				<a href="#id=whatis_vdtqualitymetrics">&ldquo;What are Vehicle Data Translator quality control metrics?&rdquo;</a>
				for more information.</P>
			]]></answer>
			<visible>true</visible>
		</faq>
		<faq>
			<id>whatis_wxdemobiledata</id>
			<question>
				What is WxDE mobile data?
			</question>
			<answer><![CDATA[
				<P>Weather Data Environment (WxDE) mobile data refers to weather observation data that is collected by the WxDE without pre-processing by
				the Vehicle Data Translator (VDT). (See the description of <a href="#id=whatis_vdtmobiledata">VDT mobile data</a>
				for the other type of mobile data included in the WxDE.) As this data is ingested by the WxDE, quality tests are applied and quality check
				values are associated with each observation. This term is specifically used as a label for check boxes on the Weather Data Environment Data Map.
				If the associated check box is checked, WxDE mobile data is included in the map display; otherwise, this data is excluded from the display.</P>
			]]></answer>
			<visible>true</visible>
		</faq>
	</faqcategory>


</faqs>