staticid,orgid,name,agency,monitorhours,contactid,altcontactid,metadatacontactid,disclaimerlink
1,1,AK_State_DOT,Alaska Dept. of Transportation and Public Faciliti,0,1,,1,http://www.dot.state.ak.us/iways/roadweather/disclaimer.html
2,2,MN_State_DOT,Minnesota Department of Transportation,0,2,,2,
3,3,UT_State_DOT,Utah Department of Transportation,0,3,,3,
4,5,US_Country_NWS,National Weather Service,0,5,,5,
5,4,OK_State_Mesonet,Oklahoma Climatological Survey,0,6,3,4,
6,8,AL_State_DOT,Alabama Department of Transportation,0,,,,
7,9,AZ_State_DOT,Arizona Department of Transportation,0,,,,
8,10,AR_State_HTD,Arkansas Highway and Transportation Department,0,,,,
9,11,CA_State_DOT,California Department of Transportation,0,,,,
10,12,CO_State_DOT,Colorado Department of Transportation,0,,,,http://www.cotrip.org/termsOfUse.htm
11,13,CT_State_DOT,Connecticut Department of Transportation,0,,,,
12,14,DE_State_DOT,Delaware Department of Transportation,0,,,,
13,15,FL_State_DOT,Florida Department of Transportation,0,,,,
14,16,GA_State_DOT,Georgia Department of Transportation,0,,,,
15,17,HI_State_DOT,Hawaii Department of Transportation,0,,,,
16,18,ID_State_TD,Idaho Transportation Department,0,,,,http://hb.511.idaho.gov/modules/rwisCamera/disclaimer.html
18,20,IN_State_DOT,Indiana Department of Transportation,0,11,12,10,
19,21,IA_State_DOT,Iowa Department of Transportation,0,,,,
21,23,KY_State_TC,Kentucky Transportation Cabinet,0,,,,http://kyweb.carsstage.org/About.html
22,24,LA_State_DTD,Louisiana Department of Transportation & Development,0,,,,
23,25,ME_State_DOT,Maine Department of Transportation,0,,,,
24,26,MD_State_DOT,Maryland Department of Transportation,0,,,,
25,27,MA_State_EOT,Massachusetts Executive Office of Transportation,0,,,,
26,28,MI_State_DOT,Michigan Department of Transportation,0,,,,
27,29,MS_State_DOT,Mississippi Department of Transportation,0,,,,
28,30,MO_State_DOT,Missouri Department of Transportation,0,,,,
29,31,MT_State_DOT,Montana Department of Transportation,0,24,,24,
30,32,NE_State_DOR,Nebraska Department of Roads,0,,,,
31,33,NV_State_DOT,Nevada Department of Transportation,0,,,,
32,34,NH_State_DOT,New Hampshire Department of Transportation,0,,,,
33,35,NJ_State_DOT,New Jersey Department of Transportation,0,,,,
34,36,NM_State_HTD,New Mexico Highway and Transportation Department,0,,,,
35,37,NY_State_DOT,New York State Department of Transportation,0,,,,
36,38,NC_State_DOT,North Carolina Department of Transportation,0,,,,
37,39,ND_State_DOT,North Dakota Department of Transportation,0,25,27,25,
38,40,OH_State_DOT,Ohio Department of Transportation,0,21,22,23,
39,41,OK_State_DOT,Oklahoma Department of Transportation,0,,,,
40,42,OR_State_DOT,Oregon Department of Transportation,0,,,,
41,43,PA_State_DOT,Pennsylvania Department of Transportation,0,,,,
42,44,RI_State_DOT,Rhode Island Department of Transportation,0,,,,
43,45,SC_State_DOT,South Carolina Department of Transportation,0,,,,
44,46,SD_State_DOT,South Dakota Department of Transportation,0,,,,
45,47,TN_State_DOT,Tennessee Department of Transportation,0,,,,
46,48,TX_State_DOT,Texas Department of Transportation,0,,,,
47,49,VT_State_AOT,Vermont Agency of Transportation,0,,,,http://www.511vt.com/disclaimer.htm
48,50,VA_State_DOT,Virginia Department of Transportation,0,28,,28,
49,51,WA_State_DOT,Washington Department of Transportation,0,33,34,33,
50,52,WV_State_DOT,West Virginia Department of Transportation,0,,,,
51,53,WI_State_DOT,Wisconsin Department of Transportation,0,19,,19,http://www.dot.state.wi.us/util/legal.htm
52,54,WY_State_DOT,Wyoming Department of Transportation,0,,,,
53,55,AB_Province_MIT,Alberta Ministry of Infrastructure and Transportation,0,9,,9,
54,56,BC_Province_MOT,British Columbia Ministry of Transportation,0,16,,,
55,57,MB_Province_MIT,Manitoba Ministry of Infrastructure and Transportation,0,,,,
56,58,NB_Province_DOT,New Brunswick Department of Transportation,0,,,,
57,59,NL_Province_DOT,Newfoundland and Labrador Department of Transportation and Works,0,,,,
58,60,NT_Territory_DOT,Northwest Territories Department of Transportation,0,,,,
59,61,NS_Province_TPW,Nova Scotia Department of Transportation and Public Works,0,,,,
60,62,NU_Territory_EDT,Nunavut Department of Economic Development and Transportation,0,,,,
61,63,ON_Province_MOT,Ontario Ministry of Transportation,0,,,,
62,64,PE_Province_TPW,Prince Edward Island Ministry of Transportation and Public Works,0,,,,
64,65,SK_Province_DHT,Saskatchewan Department of Highways and Transportation,0,,,,
65,66,YT_Territory_HPW,Yukon Department of Highways and Public Works,0,8,,8,
66,20,IN_City_INDY,City of Indianapolis,0,,,,
68,68,OK City_City_Micronet,City of Oklahoma City,0,,,,
69,22,KS_Turnpike_KTA,KDOT - Kansas Turnpike Authority,0,,,,
70,69,CAN_Park_Canada,Park Canada,0,,,,
17,19,IL_State_DOT,Illinois Department of Transportation,2,18,13,18,http://www.gettingaroundillinois.com/disclaimer.aspx
20,22,KS_State_DOT,Kansas Department of Transportation,1,60,,,http://www.ksdot.org/disclaimer.asp
67,67,IL_County_McHenry,"McHenry County Division of Transportation, IL",1,,,,
